indiv,date,date_mission,site_mission,seqtot,sexe,NS_name_mission,geography,x,y,nuit
M82,11/9/2011,novb11,SAN_1_4_5_1G_8_novb11,R.pumilio.nord,M,A_novb11,symp,372352,6937995,10
M82,11/15/2011,novb11,SAN_1_4_5_1G_8_novb11,R.pumilio.nord,M,A_novb11,symp,372352,6937995,10
M82,11/6/2011,novb11,SAN_1_4_5_1G_8_novb11,R.pumilio.nord,M,B_novb11,symp,372333,6938012,10
M82,11/7/2011,novb11,SAN_1_4_5_1G_8_novb11,R.pumilio.nord,M,B_novb11,symp,372333,6938012,10
M82,11/8/2011,novb11,SAN_1_4_5_1G_8_novb11,R.pumilio.nord,M,B_novb11,symp,372333,6938012,10
M82,11/10/2011,novb11,SAN_1_4_5_1G_8_novb11,R.pumilio.nord,M,B_novb11,symp,372333,6938012,10
M82,11/11/2011,novb11,SAN_1_4_5_1G_8_novb11,R.pumilio.nord,M,B_novb11,symp,372333,6938012,10
M82,11/12/2011,novb11,SAN_1_4_5_1G_8_novb11,R.pumilio.nord,M,B_novb11,symp,372333,6938012,10
M82,11/13/2011,novb11,SAN_1_4_5_1G_8_novb11,R.pumilio.nord,M,B_novb11,symp,372333,6938012,10
M82,11/14/2011,novb11,SAN_1_4_5_1G_8_novb11,R.pumilio.nord,M,B_novb11,symp,372333,6938012,10
M81,11/14/2011,novb11,SAN_1_4_5_1G_8_novb11,R.d.dilectus,M,R_novb11,symp,372434,6937980,4
M81,11/15/2011,novb11,SAN_1_4_5_1G_8_novb11,R.d.dilectus,M,R_novb11,symp,372434,6937980,4
M81,11/16/2011,novb11,SAN_1_4_5_1G_8_novb11,R.d.dilectus,M,R_novb11,symp,372434,6937980,4
M81,11/13/2011,novb11,SAN_1_4_5_1G_8_novb11,R.d.dilectus,M,S_novb11,symp,372424,6937976,4
M800,11/24/2013,novb13,TDR2B_novb13,R.pumilio.nord,M,TDR2B_NS1_novb13,allo,418569,6627525,8
M800,11/25/2013,novb13,TDR2B_novb13,R.pumilio.nord,M,TDR2B_NS1_novb13,allo,418569,6627525,8
M800,12/1/2013,novb13,TDR2B_novb13,R.pumilio.nord,M,TDR2B_NS1_novb13,allo,418569,6627525,8
M800,11/30/2013,novb13,TDR2B_novb13,R.pumilio.nord,M,TDR2B_NS20_novb13,allo,418558,6627562,8
M800,11/26/2013,novb13,TDR2B_novb13,R.pumilio.nord,M,TDR2B_NS7_novb13,allo,418556,6627547,8
M800,11/27/2013,novb13,TDR2B_novb13,R.pumilio.nord,M,TDR2B_NS7_novb13,allo,418556,6627547,8
M800,11/28/2013,novb13,TDR2B_novb13,R.pumilio.nord,M,TDR2B_NS7_novb13,allo,418556,6627547,8
M800,11/29/2013,novb13,TDR2B_novb13,R.pumilio.nord,M,TDR2B_NS7_novb13,allo,418556,6627547,8
M8,11/7/2011,novb11,SAN_1_4_5_1G_8_novb11,R.pumilio.nord,M,AC_novb11,symp,372261,6937824,2
M8,11/8/2011,novb11,SAN_1_4_5_1G_8_novb11,R.pumilio.nord,M,AC_novb11,symp,372261,6937824,2
M799,11/25/2013,novb13,TDR2B_novb13,R.pumilio.nord,M,TDR2B_NS14_novb13,allo,418719,6627570,7
M799,11/27/2013,novb13,TDR2B_novb13,R.pumilio.nord,M,TDR2B_NS14_novb13,allo,418719,6627570,7
M799,11/24/2013,novb13,TDR2B_novb13,R.pumilio.nord,M,TDR2B_NS12_novb13,allo,418718,6627550,7
M799,11/26/2013,novb13,TDR2B_novb13,R.pumilio.nord,M,TDR2B_NS12_novb13,allo,418718,6627550,7
M799,11/28/2013,novb13,TDR2B_novb13,R.pumilio.nord,M,TDR2B_NS12_novb13,allo,418718,6627550,7
M799,11/29/2013,novb13,TDR2B_novb13,R.pumilio.nord,M,TDR2B_NS12_novb13,allo,418718,6627550,7
M798,11/24/2013,novb13,TDR2B_novb13,R.pumilio.nord,M,TDR2B_NS11_novb13,allo,418527,6627539,7
M798,11/28/2013,novb13,TDR2B_novb13,R.pumilio.nord,M,TDR2B_NS17_novb13,allo,418441,6627491,7
M798,11/25/2013,novb13,TDR2B_novb13,R.pumilio.nord,M,TDR2B_NS13_novb13,allo,418438,6627503,7
M798,11/26/2013,novb13,TDR2B_novb13,R.pumilio.nord,M,TDR2B_NS13_novb13,allo,418438,6627503,7
M798,11/27/2013,novb13,TDR2B_novb13,R.pumilio.nord,M,TDR2B_NS13_novb13,allo,418438,6627503,7
M798,11/29/2013,novb13,TDR2B_novb13,R.pumilio.nord,M,TDR2B_NS19_novb13,allo,418426,6627516,7
M796,11/21/2013,novb13,TDR2B_novb13,R.pumilio.nord,M,TDR2B_NS7_novb13,allo,418556,6627547,10
M796,11/22/2013,novb13,TDR2B_novb13,R.pumilio.nord,M,TDR2B_NS7_novb13,allo,418556,6627547,10
M796,11/23/2013,novb13,TDR2B_novb13,R.pumilio.nord,M,TDR2B_NS7_novb13,allo,418556,6627547,10
M796,11/24/2013,novb13,TDR2B_novb13,R.pumilio.nord,M,TDR2B_NS7_novb13,allo,418556,6627547,10
M796,11/25/2013,novb13,TDR2B_novb13,R.pumilio.nord,M,TDR2B_NS7_novb13,allo,418556,6627547,10
M796,11/26/2013,novb13,TDR2B_novb13,R.pumilio.nord,M,TDR2B_NS7_novb13,allo,418556,6627547,10
M796,11/29/2013,novb13,TDR2B_novb13,R.pumilio.nord,M,TDR2B_NS7_novb13,allo,418556,6627547,10
M796,11/27/2013,novb13,TDR2B_novb13,R.pumilio.nord,M,TDR2B_NS16_novb13,allo,418528,6627548,10
M796,11/28/2013,novb13,TDR2B_novb13,R.pumilio.nord,M,TDR2B_NS18_novb13,allo,418488,6627601,10
M791,11/21/2013,novb13,TDR2B_novb13,R.pumilio.nord,M,TDR2B_NS8_novb13,allo,418676,6627534,10
M791,11/22/2013,novb13,TDR2B_novb13,R.pumilio.nord,M,TDR2B_NS8_novb13,allo,418676,6627534,10
M791,11/23/2013,novb13,TDR2B_novb13,R.pumilio.nord,M,TDR2B_NS8_novb13,allo,418676,6627534,10
M791,11/24/2013,novb13,TDR2B_novb13,R.pumilio.nord,M,TDR2B_NS8_novb13,allo,418676,6627534,10
M791,11/25/2013,novb13,TDR2B_novb13,R.pumilio.nord,M,TDR2B_NS8_novb13,allo,418676,6627534,10
M791,11/26/2013,novb13,TDR2B_novb13,R.pumilio.nord,M,TDR2B_NS8_novb13,allo,418676,6627534,10
M791,11/27/2013,novb13,TDR2B_novb13,R.pumilio.nord,M,TDR2B_NS8_novb13,allo,418676,6627534,10
M791,11/28/2013,novb13,TDR2B_novb13,R.pumilio.nord,M,TDR2B_NS8_novb13,allo,418676,6627534,10
M791,11/29/2013,novb13,TDR2B_novb13,R.pumilio.nord,M,TDR2B_NS8_novb13,allo,418676,6627534,10
M791,11/30/2013,novb13,TDR2B_novb13,R.pumilio.nord,M,TDR2B_NS8_novb13,allo,418676,6627534,10
M785,11/24/2013,novb13,TDR6_novb13,R.pumilio.nord,M,TDR6_NS9_novb13,allo,415271,6625263,6
M785,11/25/2013,novb13,TDR6_novb13,R.pumilio.nord,M,TDR6_NS9_novb13,allo,415271,6625263,6
M785,11/20/2013,novb13,TDR6_novb13,R.pumilio.nord,M,TDR6_NS7_novb13,allo,415258,6625258,6
M785,11/21/2013,novb13,TDR6_novb13,R.pumilio.nord,M,TDR6_NS7_novb13,allo,415258,6625258,6
M785,11/22/2013,novb13,TDR6_novb13,R.pumilio.nord,M,TDR6_NS7_novb13,allo,415258,6625258,6
M785,11/23/2013,novb13,TDR6_novb13,R.pumilio.nord,M,TDR6_NS7_novb13,allo,415258,6625258,6
M769,11/19/2013,novb13,TDR2B_novb13,R.pumilio.nord,M,TDR2B_NS4_novb13,allo,418516,6627541,4
M769,11/20/2013,novb13,TDR2B_novb13,R.pumilio.nord,M,TDR2B_NS6_novb13,allo,418496,6627535,4
M769,11/21/2013,novb13,TDR2B_novb13,R.pumilio.nord,M,TDR2B_NS6_novb13,allo,418496,6627535,4
M769,11/22/2013,novb13,TDR2B_novb13,R.pumilio.nord,M,TDR2B_NS6_novb13,allo,418496,6627535,4
M768,11/22/2013,novb13,TDR2B_novb13,R.pumilio.nord,M,TDR2B_NS9_novb13,allo,418537,6627589,4
M768,11/19/2013,novb13,TDR2B_novb13,R.pumilio.nord,M,TDR2B_NS3_novb13,allo,418535,6627581,4
M768,11/20/2013,novb13,TDR2B_novb13,R.pumilio.nord,M,TDR2B_NS3_novb13,allo,418535,6627581,4
M768,11/21/2013,novb13,TDR2B_novb13,R.pumilio.nord,M,TDR2B_NS3_novb13,allo,418535,6627581,4
M767,11/13/2013,novb13,TDR6_novb13,R.pumilio.nord,M,TDR6_NS2_novb13,allo,415394,6625216,3
M767,11/14/2013,novb13,TDR6_novb13,R.pumilio.nord,M,TDR6_NS3_novb13,allo,415394,6625218,3
M767,11/15/2013,novb13,TDR6_novb13,R.pumilio.nord,M,TDR6_NS3_novb13,allo,415394,6625218,3
M7,11/10/2011,novb11,SAN_1_4_5_1G_8_novb11,R.d.dilectus,M,AQ_novb11,symp,372253,6937772,10
M7,11/8/2011,novb11,SAN_1_4_5_1G_8_novb11,R.d.dilectus,M,CD_novb11,symp,372241,6937771,10
M7,11/6/2011,novb11,SAN_1_4_5_1G_8_novb11,R.d.dilectus,M,AO_novb11,symp,372235,6937789,10
M7,11/7/2011,novb11,SAN_1_4_5_1G_8_novb11,R.d.dilectus,M,AO_novb11,symp,372235,6937789,10
M7,11/9/2011,novb11,SAN_1_4_5_1G_8_novb11,R.d.dilectus,M,CE_novb11,symp,372229,6937757,10
M7,11/4/2011,novb11,SAN_1_4_5_1G_8_novb11,R.d.dilectus,M,AR_novb11,symp,372217,6937761,10
M7,11/5/2011,novb11,SAN_1_4_5_1G_8_novb11,R.d.dilectus,M,AR_novb11,symp,372217,6937761,10
M7,11/11/2011,novb11,SAN_1_4_5_1G_8_novb11,R.d.dilectus,M,AR_novb11,symp,372217,6937761,10
M7,11/12/2011,novb11,SAN_1_4_5_1G_8_novb11,R.d.dilectus,M,AR_novb11,symp,372217,6937761,10
M7,11/13/2011,novb11,SAN_1_4_5_1G_8_novb11,R.d.dilectus,M,AR_novb11,symp,372217,6937761,10
M63,11/10/2011,novb11,SAN_1_4_5_1G_8_novb11,R.d.dilectus,M,U_novb11,symp,372236,6937735,5
M63,11/11/2011,novb11,SAN_1_4_5_1G_8_novb11,R.d.dilectus,M,V_novb11,symp,372224,6937721,5
M63,11/12/2011,novb11,SAN_1_4_5_1G_8_novb11,R.d.dilectus,M,T_novb11,symp,372211,6937744,5
M63,11/13/2011,novb11,SAN_1_4_5_1G_8_novb11,R.d.dilectus,M,T_novb11,symp,372211,6937744,5
M63,11/14/2011,novb11,SAN_1_4_5_1G_8_novb11,R.d.dilectus,M,T_novb11,symp,372211,6937744,5
M609,11/15/2012,novb12,SAN_1_4_5_1G_8_novb12,R.pumilio.nord,M,SA4_NS14_novb12,allo,372369,6938125,3
M609,11/16/2012,novb12,SAN_1_4_5_1G_8_novb12,R.pumilio.nord,M,SA4_NS14_novb12,allo,372369,6938125,3
M606,11/14/2012,novb12,BL4_novb12,R.d.dilectus,M,BL4_NS10N_novb12,allo,371490,6946641,5
M606,11/13/2012,novb12,BL4_novb12,R.d.dilectus,M,BL4_NS8C_novb12,allo,371411,6946590,5
M604,11/15/2012,novb12,BL4_novb12,R.d.dilectus,M,BL4_NS4N_novb12,allo,371623,6946651,6
M604,11/12/2012,novb12,BL4_novb12,R.d.dilectus,M,BL4_NS1N_novb12,allo,371605,6946650,6
M604,11/13/2012,novb12,BL4_novb12,R.d.dilectus,M,BL4_NS1N_novb12,allo,371605,6946650,6
M604,11/16/2012,novb12,BL4_novb12,R.d.dilectus,M,BL4_NS1N_novb12,allo,371605,6946650,6
M604,11/17/2012,novb12,BL4_novb12,R.d.dilectus,M,BL4_NS1N_novb12,allo,371605,6946650,6
M604,11/14/2012,novb12,BL4_novb12,R.d.dilectus,M,BL4_NS7N_novb12,allo,371597,6946640,6
M601,11/10/2012,novb12,BL3_novb12,R.d.dilectus,M,BL3_NS30_novb12,allo,370597,6945798,6
M601,11/11/2012,novb12,BL3_novb12,R.d.dilectus,M,BL3_NS30_novb12,allo,370597,6945798,6
M601,11/9/2012,novb12,BL3_novb12,R.d.dilectus,M,BL3_NS28_novb12,allo,370593,6945800,6
M601,11/12/2012,novb12,BL3_novb12,R.d.dilectus,M,BL3_NS37_novb12,allo,370589,6945787,6
M601,11/13/2012,novb12,BL3_novb12,R.d.dilectus,M,BL3_NS37_novb12,allo,370589,6945787,6
M600,11/12/2012,novb12,BL3_novb12,R.d.dilectus,M,BL3_NST13_novb12,allo,370680,6945907,6
M600,11/8/2012,novb12,BL3_novb12,R.d.dilectus,M,BL3_NS17_novb12,allo,370677,6945902,6
M600,11/9/2012,novb12,BL3_novb12,R.d.dilectus,M,BL3_NS17_novb12,allo,370677,6945902,6
M600,11/10/2012,novb12,BL3_novb12,R.d.dilectus,M,BL3_NS31_novb12,allo,370672,6945905,6
M600,11/11/2012,novb12,BL3_novb12,R.d.dilectus,M,BL3_NS31_novb12,allo,370672,6945905,6
M600,11/13/2012,novb12,BL3_novb12,R.d.dilectus,M,BL3_NS31_novb12,allo,370672,6945905,6
M598,11/6/2012,novb12,BL3_novb12,R.d.dilectus,M,BL3_NS13_novb12,allo,370520,6945687,3
M594,11/6/2012,novb12,BL3_novb12,R.d.dilectus,M,BL3_NS18_novb12,allo,370676,6945905,6
M594,11/7/2012,novb12,BL3_novb12,R.d.dilectus,M,BL3_NS18_novb12,allo,370676,6945905,6
M594,11/8/2012,novb12,BL3_novb12,R.d.dilectus,M,BL3_NS24_novb12,allo,370670,6945901,6
M594,11/9/2012,novb12,BL3_novb12,R.d.dilectus,M,BL3_NS29_novb12,allo,370669,6945895,6
M594,11/10/2012,novb12,BL3_novb12,R.d.dilectus,M,BL3_NS29_novb12,allo,370669,6945895,6
M592,11/12/2012,novb12,BL4_novb12,R.d.dilectus,M,BL4_NS3C_novb12,allo,371416,6946595,6
M592,11/16/2012,novb12,BL4_novb12,R.d.dilectus,M,BL4_NS12C_novb12,allo,371412,6946596,6
M592,11/15/2012,novb12,BL4_novb12,R.d.dilectus,M,BL4_NS8C_novb12,allo,371411,6946590,6
M592,11/17/2012,novb12,BL4_novb12,R.d.dilectus,M,BL4_NS8C_novb12,allo,371411,6946590,6
M592,11/13/2012,novb12,BL4_novb12,R.d.dilectus,M,BL4_NS5C_novb12,allo,371408,6946598,6
M592,11/14/2012,novb12,BL4_novb12,R.d.dilectus,M,BL4_NS5C_novb12,allo,371408,6946598,6
M591,11/13/2012,novb12,BL4_novb12,R.d.dilectus,M,BL4_NS6C_novb12,allo,371581,6946674,5
M591,11/14/2012,novb12,BL4_novb12,R.d.dilectus,M,BL4_NS9N_novb12,allo,371478,6946622,5
M591,11/12/2012,novb12,BL4_novb12,R.d.dilectus,M,BL4_NS2C_novb12,allo,371450,6946615,5
M591,11/15/2012,novb12,BL4_novb12,R.d.dilectus,M,BL4_NS2C_novb12,allo,371450,6946615,5
M591,11/16/2012,novb12,BL4_novb12,R.d.dilectus,M,BL4_NS2C_novb12,allo,371450,6946615,5
M590,11/12/2012,novb12,BL4_novb12,R.d.dilectus,M,BL4_NS4C_novb12,allo,371492,6946635,5
M590,11/14/2012,novb12,BL4_novb12,R.d.dilectus,M,BL4_NS10N_novb12,allo,371490,6946641,5
M590,11/17/2012,novb12,BL4_novb12,R.d.dilectus,M,BL4_NS10N_novb12,allo,371490,6946641,5
M590,11/13/2012,novb12,BL4_novb12,R.d.dilectus,M,BL4_NS7C_novb12,allo,371477,6946624,5
M590,11/15/2012,novb12,BL4_novb12,R.d.dilectus,M,BL4_NS7C_novb12,allo,371477,6946624,5
M588,11/11/2012,novb12,BL3_novb12,R.d.dilectus,M,BL3_NS3_novb12,allo,370550,6945742,7
M588,11/5/2012,novb12,BL3_novb12,R.d.dilectus,M,BL3_NS7_novb12,allo,370526,6945687,7
M588,11/9/2012,novb12,BL3_novb12,R.d.dilectus,M,BL3_NS91112-1_novb12,allo,370522,6945686,7
M588,11/6/2012,novb12,BL3_novb12,R.d.dilectus,M,BL3_NS13_novb12,allo,370520,6945687,7
M588,11/7/2012,novb12,BL3_novb12,R.d.dilectus,M,BL3_NS13_novb12,allo,370520,6945687,7
M588,11/10/2012,novb12,BL3_novb12,R.d.dilectus,M,BL3_NS19_novb12,allo,370515,6945685,7
M588,11/8/2012,novb12,BL3_novb12,R.d.dilectus,M,BL3_NS8_novb12,allo,370514,6945684,7
M587,11/14/2012,novb12,BL4_novb12,R.d.dilectus,M,BL4_NS6N_novb12,allo,371632,6946648,7
M587,11/13/2012,novb12,BL4_novb12,R.d.dilectus,M,BL4_NS4N_novb12,allo,371623,6946651,7
M587,11/15/2012,novb12,BL4_novb12,R.d.dilectus,M,BL4_NS11C_novb12,allo,371589,6946670,7
M587,11/17/2012,novb12,BL4_novb12,R.d.dilectus,M,BL4_NS11C_novb12,allo,371589,6946670,7
M587,11/12/2012,novb12,BL4_novb12,R.d.dilectus,M,BL4_NS6C_novb12,allo,371581,6946674,7
M587,11/18/2012,novb12,BL4_novb12,R.d.dilectus,M,BL4_NST22_novb12,allo,371560,6946663,7
M587,11/16/2012,novb12,BL4_novb12,R.d.dilectus,M,BL4_NST26_novb12,allo,371453,6946617,7
M583,11/5/2012,novb12,BL3_novb12,R.d.dilectus,M,BL3_NS8_novb12,allo,370514,6945684,4
M582,11/4/2012,novb12,BL3_novb12,R.d.dilectus,M,BL3_NS3_novb12,allo,370550,6945742,4
M582,11/6/2012,novb12,BL3_novb12,R.d.dilectus,M,BL3_NS3_novb12,allo,370550,6945742,4
M582,11/7/2012,novb12,BL3_novb12,R.d.dilectus,M,BL3_NS3_novb12,allo,370550,6945742,4
M578,11/6/2012,novb12,SAN_1_4_5_1G_8_novb12,R.pumilio.nord,M,SA4_NS2_novb12,allo,372377,6938023,6
M578,11/9/2012,novb12,SAN_1_4_5_1G_8_novb12,R.pumilio.nord,M,SA4_NS2_novb12,allo,372377,6938023,6
M578,11/10/2012,novb12,SAN_1_4_5_1G_8_novb12,R.pumilio.nord,M,SA4_NS2_novb12,allo,372377,6938023,6
M578,11/7/2012,novb12,SAN_1_4_5_1G_8_novb12,R.pumilio.nord,M,SA4B_NS2_novb12,allo,372373,6938024,6
M578,11/8/2012,novb12,SAN_1_4_5_1G_8_novb12,R.pumilio.nord,M,SA4_NS4_novb12,allo,372358,6938025,6
M578,11/11/2012,novb12,SAN_1_4_5_1G_8_novb12,R.pumilio.nord,M,SA4_NS4_novb12,allo,372358,6938025,6
M576,11/4/2012,novb12,BL3_novb12,R.d.dilectus,M,BL3_NS2_novb12,allo,370598,6945816,6
M576,11/5/2012,novb12,BL3_novb12,R.d.dilectus,M,BL3_NS2_novb12,allo,370598,6945816,6
M576,11/6/2012,novb12,BL3_novb12,R.d.dilectus,M,BL3_NS2_novb12,allo,370598,6945816,6
M576,11/7/2012,novb12,BL3_novb12,R.d.dilectus,M,BL3_NS2_novb12,allo,370598,6945816,6
M576,11/8/2012,novb12,BL3_novb12,R.d.dilectus,M,BL3_NS23_novb12,allo,370598,6945811,6
M576,11/9/2012,novb12,BL3_novb12,R.d.dilectus,M,BL3_NS27_novb12,allo,370596,6945805,6
M574,11/7/2012,novb12,SAN_1_4_5_1G_8_novb12,R.pumilio.nord,M,SA4_NS3_novb12,allo,372385,6937982,8
M574,11/10/2012,novb12,SAN_1_4_5_1G_8_novb12,R.pumilio.nord,M,SA4_NS9_novb12,allo,372380,6938100,8
M574,11/13/2012,novb12,SAN_1_4_5_1G_8_novb12,R.pumilio.nord,M,SA4_NS9_novb12,allo,372380,6938100,8
M574,11/11/2012,novb12,SAN_1_4_5_1G_8_novb12,R.pumilio.nord,M,SA4_NS11_novb12,allo,372377,6938121,8
M574,11/12/2012,novb12,SAN_1_4_5_1G_8_novb12,R.pumilio.nord,M,SA4_NS11_novb12,allo,372377,6938121,8
M574,11/14/2012,novb12,SAN_1_4_5_1G_8_novb12,R.pumilio.nord,M,SA4_NS11_novb12,allo,372377,6938121,8
M574,11/9/2012,novb12,SAN_1_4_5_1G_8_novb12,R.pumilio.nord,M,SA4B_NST9_novb12,allo,372364,6938044,8
M574,11/8/2012,novb12,SAN_1_4_5_1G_8_novb12,R.pumilio.nord,M,SA4_NS5_novb12,allo,372359,6938051,8
M570,11/18/2012,novb12,SAN_1_4_5_1G_8_novb12,R.pumilio.nord,M,SA5_NS7_novb12,allo,372527,6937904,6
M570,11/13/2012,novb12,SAN_1_4_5_1G_8_novb12,R.pumilio.nord,M,SA5_NS6_novb12,allo,372502,6937939,6
M570,11/14/2012,novb12,SAN_1_4_5_1G_8_novb12,R.pumilio.nord,M,SA5_NS6_novb12,allo,372502,6937939,6
M570,11/16/2012,novb12,SAN_1_4_5_1G_8_novb12,R.pumilio.nord,M,SA5_NS6_novb12,allo,372502,6937939,6
M570,11/17/2012,novb12,SAN_1_4_5_1G_8_novb12,R.pumilio.nord,M,SA5_NS6_novb12,allo,372502,6937939,6
M570,11/15/2012,novb12,SAN_1_4_5_1G_8_novb12,R.pumilio.nord,M,SA5_NS2_novb12,allo,372455,6937939,6
M569,11/11/2012,novb12,SAN_1_4_5_1G_8_novb12,R.pumilio.nord,M,SA4_NS10_novb12,allo,372320,6938027,7
M569,11/10/2012,novb12,SAN_1_4_5_1G_8_novb12,R.pumilio.nord,M,SA4B_NST2_novb12,allo,372319,6938014,7
M569,11/12/2012,novb12,SAN_1_4_5_1G_8_novb12,R.pumilio.nord,M,SA4_NS12_novb12,allo,372302,6938041,7
M569,11/13/2012,novb12,SAN_1_4_5_1G_8_novb12,R.pumilio.nord,M,SA4_NS12_novb12,allo,372302,6938041,7
M569,11/9/2012,novb12,SAN_1_4_5_1G_8_novb12,R.pumilio.nord,M,SA4_NS7_novb12,allo,372301,6938043,7
M568,11/14/2012,novb12,SAN_1_4_5_1G_8_novb12,R.pumilio.nord,M,SA1_NS2_novb12,allo,372337,6937851,6
M568,11/15/2012,novb12,SAN_1_4_5_1G_8_novb12,R.pumilio.nord,M,SA1_NS2_novb12,allo,372337,6937851,6
M568,11/10/2012,novb12,SAN_1_4_5_1G_8_novb12,R.pumilio.nord,M,SA1_NS1_novb12,allo,372327,6937812,6
M568,11/11/2012,novb12,SAN_1_4_5_1G_8_novb12,R.pumilio.nord,M,SA1_NS1_novb12,allo,372327,6937812,6
M568,11/13/2012,novb12,SAN_1_4_5_1G_8_novb12,R.pumilio.nord,M,SA1_NS1_novb12,allo,372327,6937812,6
M568,11/12/2012,novb12,SAN_1_4_5_1G_8_novb12,R.pumilio.nord,M,SA1B_NS1_novb12,allo,372326,6937810,6
M563,11/9/2012,novb12,SAN_1_4_5_1G_8_novb12,R.pumilio.nord,M,SA5_NS10_novb12,allo,372482,6937900,6
M563,11/5/2012,novb12,SAN_1_4_5_1G_8_novb12,R.pumilio.nord,M,SA5_NS3_novb12,allo,372482,6937906,6
M563,11/6/2012,novb12,SAN_1_4_5_1G_8_novb12,R.pumilio.nord,M,SA5_NS3_novb12,allo,372482,6937906,6
M563,11/7/2012,novb12,SAN_1_4_5_1G_8_novb12,R.pumilio.nord,M,SA5_NS3_novb12,allo,372482,6937906,6
M563,11/8/2012,novb12,SAN_1_4_5_1G_8_novb12,R.pumilio.nord,M,SA5_NS3_novb12,allo,372482,6937906,6
M563,11/10/2012,novb12,SAN_1_4_5_1G_8_novb12,R.pumilio.nord,M,SA5_NS3_novb12,allo,372482,6937906,6
M561,11/10/2012,novb12,SAN_1_4_5_1G_8_novb12,R.pumilio.nord,M,SA5_NS11_novb12,allo,372459,6937928,6
M561,11/5/2012,novb12,SAN_1_4_5_1G_8_novb12,R.pumilio.nord,M,SA5_NS2_novb12,allo,372455,6937939,6
M561,11/9/2012,novb12,SAN_1_4_5_1G_8_novb12,R.pumilio.nord,M,SA5_NS8_novb12,allo,372413,6937946,6
M561,11/6/2012,novb12,SAN_1_4_5_1G_8_novb12,R.pumilio.nord,M,SA5_NS1_novb12,allo,372411,6937959,6
M561,11/7/2012,novb12,SAN_1_4_5_1G_8_novb12,R.pumilio.nord,M,SA5_NS1_novb12,allo,372411,6937959,6
M561,11/8/2012,novb12,SAN_1_4_5_1G_8_novb12,R.pumilio.nord,M,SA5_NS4_novb12,allo,372399,6937976,6
M556,11/2/2012,novb12,SAN10_novb12,R.pumilio.nord,M,SA10_NS2_novb12,allo,370572,6939306,7
M556,11/3/2012,novb12,SAN10_novb12,R.pumilio.nord,M,SA10_NS2_novb12,allo,370572,6939306,7
M556,10/30/2012,novb12,SAN10_novb12,R.pumilio.nord,M,SA10_NS1_novb12,allo,370567,6939306,7
M556,10/31/2012,novb12,SAN10_novb12,R.pumilio.nord,M,SA10_NS1_novb12,allo,370567,6939306,7
M556,11/1/2012,novb12,SAN10_novb12,R.pumilio.nord,M,SA10_NS1_novb12,allo,370567,6939306,7
M556,11/4/2012,novb12,SAN10_novb12,R.pumilio.nord,M,SA10_NS1_novb12,allo,370567,6939306,7
M556,11/5/2012,novb12,SAN10_novb12,R.pumilio.nord,M,SA10_NS1_novb12,allo,370567,6939306,7
M553,10/29/2012,novb12,BL1_novb12,R.d.dilectus,M,BL1_NS1_novb12,allo,368937,6943529,6
M553,10/30/2012,novb12,BL1_novb12,R.d.dilectus,M,BL1_NS5_novb12,allo,368929,6943536,6
M553,11/2/2012,novb12,BL1_novb12,R.d.dilectus,M,BL1_NS13_novb12,allo,368926,6943535,6
M553,10/31/2012,novb12,BL1_novb12,R.d.dilectus,M,BL1_NS2_novb12,allo,368910,6943512,6
M553,11/1/2012,novb12,BL1_novb12,R.d.dilectus,M,BL1_NS12_novb12,allo,368878,6943493,6
M552,11/1/2012,novb12,BL1_novb12,R.d.dilectus,M,BL1_NS13_novb12,allo,368926,6943535,4
M552,10/29/2012,novb12,BL1_novb12,R.d.dilectus,M,BL1_NS2_novb12,allo,368910,6943512,4
M552,10/30/2012,novb12,BL1_novb12,R.d.dilectus,M,BL1_NS2_novb12,allo,368910,6943512,4
M551,11/1/2012,novb12,BL1_novb12,R.d.dilectus,M,BL1_NS1_novb12,allo,368937,6943529,6
M551,10/31/2012,novb12,BL1_novb12,R.d.dilectus,M,BL1_NS11_novb12,allo,368932,6943539,6
M551,10/30/2012,novb12,BL1_novb12,R.d.dilectus,M,BL1_NS6_novb12,allo,368931,6943525,6
M551,11/2/2012,novb12,BL1_novb12,R.d.dilectus,M,BL1_NS13_novb12,allo,368926,6943535,6
M551,11/3/2012,novb12,BL1_novb12,R.d.dilectus,M,BL1_NS13_novb12,allo,368926,6943535,6
M551,10/29/2012,novb12,BL1_novb12,R.d.dilectus,M,BL1_NS3_novb12,allo,368916,6943400,6
M55,11/15/2011,novb11,SAN_1_4_5_1G_8_novb11,R.pumilio.nord,M,CC_novb11,symp,372364,6937795,8
M55,11/11/2011,novb11,SAN_1_4_5_1G_8_novb11,R.pumilio.nord,M,AV_novb11,symp,372362,6937920,8
M55,11/13/2011,novb11,SAN_1_4_5_1G_8_novb11,R.pumilio.nord,M,AV_novb11,symp,372362,6937920,8
M55,11/16/2011,novb11,SAN_1_4_5_1G_8_novb11,R.pumilio.nord,M,AX_novb11,symp,372360,6937944,8
M55,11/10/2011,novb11,SAN_1_4_5_1G_8_novb11,R.pumilio.nord,M,BN_novb11,symp,372354,6937929,8
M55,11/8/2011,novb11,SAN_1_4_5_1G_8_novb11,R.pumilio.nord,M,AT_novb11,symp,372339,6937849,8
M55,11/12/2011,novb11,SAN_1_4_5_1G_8_novb11,R.pumilio.nord,M,CB_novb11,symp,372325,6937921,8
M55,11/14/2011,novb11,SAN_1_4_5_1G_8_novb11,R.pumilio.nord,M,AU_novb11,symp,372287,6937873,8
M54,11/12/2011,novb11,SAN2_RHINO_novb11,R.d.dilectus,M,AE_novb11,symp,373162,6937170,6
M54,11/14/2011,novb11,SAN2_RHINO_novb11,R.d.dilectus,M,AE_novb11,symp,373162,6937170,6
M54,11/15/2011,novb11,SAN2_RHINO_novb11,R.d.dilectus,M,AE_novb11,symp,373162,6937170,6
M54,11/16/2011,novb11,SAN2_RHINO_novb11,R.d.dilectus,M,AE_novb11,symp,373162,6937170,6
M54,11/13/2011,novb11,SAN2_RHINO_novb11,R.d.dilectus,M,AF_novb11,symp,373155,6937176,6
M54,11/17/2011,novb11,SAN2_RHINO_novb11,R.d.dilectus,M,AF_novb11,symp,373155,6937176,6
M483,10/21/2012,novb12,TDR6_novb12,R.pumilio.nord,M,TDR6_NS28_novb12,allo,415595,6625259,4
M483,10/24/2012,novb12,TDR6_novb12,R.pumilio.nord,M,TDR6_NS30_novb12,allo,415578,6625268,4
M483,10/23/2012,novb12,TDR6_novb12,R.pumilio.nord,M,TDR6_NS24_novb12,allo,415576,6625266,4
M483,10/25/2012,novb12,TDR6_novb12,R.pumilio.nord,M,TDR6_NS23_novb12,allo,415567,6625287,4
M482,10/22/2012,novb12,TDR6_novb12,R.pumilio.nord,M,TDR6_NS5_novb12,allo,415732,6625223,6
M482,10/23/2012,novb12,TDR6_novb12,R.pumilio.nord,M,TDR6_NS5_novb12,allo,415732,6625223,6
M482,10/24/2012,novb12,TDR6_novb12,R.pumilio.nord,M,TDR6_NS5_novb12,allo,415732,6625223,6
M482,10/25/2012,novb12,TDR6_novb12,R.pumilio.nord,M,TDR6_NS5_novb12,allo,415732,6625223,6
M482,10/26/2012,novb12,TDR6_novb12,R.pumilio.nord,M,TDR6_NS5_novb12,allo,415732,6625223,6
M482,10/27/2012,novb12,TDR6_novb12,R.pumilio.nord,M,TDR6_NS5_novb12,allo,415732,6625223,6
M472,10/23/2012,novb12,TDR6_novb12,R.pumilio.nord,M,TDR6_NS20_novb12,allo,415504,6625235,6
M472,10/25/2012,novb12,TDR6_novb12,R.pumilio.nord,M,TDR6_NS21_novb12,allo,415504,6625235,6
M472,10/26/2012,novb12,TDR6_novb12,R.pumilio.nord,M,TDR6_NS21_novb12,allo,415504,6625235,6
M472,10/20/2012,novb12,TDR6_novb12,R.pumilio.nord,M,TDR6_NS11_novb12,allo,415503,6625235,6
M472,10/21/2012,novb12,TDR6_novb12,R.pumilio.nord,M,TDR6_NS11_novb12,allo,415503,6625235,6
M472,10/24/2012,novb12,TDR6_novb12,R.pumilio.nord,M,TDR6_NS11_novb12,allo,415503,6625235,6
M468,10/25/2012,novb12,TDR6_novb12,R.pumilio.nord,M,TDR6_NS18_novb12,allo,415835,6625239,7
M468,10/26/2012,novb12,TDR6_novb12,R.pumilio.nord,M,TDR6_NS18_novb12,allo,415835,6625239,7
M468,10/24/2012,novb12,TDR6_novb12,R.pumilio.nord,M,TDR6_NS31_novb12,allo,415834,6625165,7
M468,10/21/2012,novb12,TDR6_novb12,R.pumilio.nord,M,TDR8_NS4_novb12,allo,415832,6625192,7
M468,10/20/2012,novb12,TDR6_novb12,R.pumilio.nord,M,TDR6_NS4_novb12,allo,415831,6625189,7
M468,10/22/2012,novb12,TDR6_novb12,R.pumilio.nord,M,TDR6_NS4_novb12,allo,415831,6625189,7
M468,10/23/2012,novb12,TDR6_novb12,R.pumilio.nord,M,TDR6_NS4_novb12,allo,415831,6625189,7
M464,10/23/2012,novb12,TDR6_novb12,R.pumilio.nord,M,TDR6_NS6_novb12,allo,415778,6625199,6
M464,10/24/2012,novb12,TDR6_novb12,R.pumilio.nord,M,TDR6_NS6_novb12,allo,415778,6625199,6
M464,10/25/2012,novb12,TDR6_novb12,R.pumilio.nord,M,TDR6_NS6_novb12,allo,415778,6625199,6
M464,10/22/2012,novb12,TDR6_novb12,R.pumilio.nord,M,TDR6_NS15_novb12,allo,415773,6625166,6
M464,10/20/2012,novb12,TDR6_novb12,R.pumilio.nord,M,TDR6_NS5_novb12,allo,415732,6625223,6
M464,10/21/2012,novb12,TDR6_novb12,R.pumilio.nord,M,TDR8_NS5_novb12,allo,415732,6625223,6
M463,10/22/2012,novb12,TDR6_novb12,R.pumilio.nord,M,TDR6_NS10_novb12,allo,415737,6625212,3
M463,10/20/2012,novb12,TDR6_novb12,R.pumilio.nord,M,TDR6_NS5_novb12,allo,415732,6625223,3
M463,10/21/2012,novb12,TDR6_novb12,R.pumilio.nord,M,TDR6_NS5_novb12,allo,415732,6625223,3
M455,10/23/2012,novb12,TDR6_novb12,R.pumilio.nord,M,TDR6_NS16_novb12,allo,415853,6625214,8
M455,10/24/2012,novb12,TDR6_novb12,R.pumilio.nord,M,TDR6_NS16_novb12,allo,415853,6625214,8
M455,10/25/2012,novb12,TDR6_novb12,R.pumilio.nord,M,TDR6_NS29_novb12,allo,415844,6625212,8
M455,10/19/2012,novb12,TDR6_novb12,R.pumilio.nord,M,TDR6_NS1_novb12,allo,415828,6625196,8
M455,10/20/2012,novb12,TDR6_novb12,R.pumilio.nord,M,TDR6_NS1_novb12,allo,415828,6625196,8
M455,10/21/2012,novb12,TDR6_novb12,R.pumilio.nord,M,TDR6_NS1_novb12,allo,415828,6625196,8
M455,10/22/2012,novb12,TDR6_novb12,R.pumilio.nord,M,TDR6_NS1_novb12,allo,415828,6625196,8
M455,10/26/2012,novb12,TDR6_novb12,R.pumilio.nord,M,TDR6_NS1_novb12,allo,415828,6625196,8
M452,10/20/2012,novb12,TDR6_novb12,R.pumilio.nord,M,TDR6_NS8_novb12,allo,415587,6625181,7
M452,10/21/2012,novb12,TDR6_novb12,R.pumilio.nord,M,TDR6_NS8_novb12,allo,415587,6625181,7
M452,10/22/2012,novb12,TDR6_novb12,R.pumilio.nord,M,TDR6_NS8_novb12,allo,415587,6625181,7
M452,10/23/2012,novb12,TDR6_novb12,R.pumilio.nord,M,TDR6_NS8_novb12,allo,415587,6625181,7
M452,10/24/2012,novb12,TDR6_novb12,R.pumilio.nord,M,TDR6_NS8_novb12,allo,415587,6625181,7
M452,10/25/2012,novb12,TDR6_novb12,R.pumilio.nord,M,TDR6_NS22_novb12,allo,415572,6625216,7
M452,10/19/2012,novb12,TDR6_novb12,R.pumilio.nord,M,TDR6_NS2_novb12,allo,415564,6625198,7
M451,10/21/2012,novb12,TDR6_novb12,R.pumilio.nord,M,TDR6_NS8_novb12,allo,415587,6625181,5
M451,10/22/2012,novb12,TDR6_novb12,R.pumilio.nord,M,TDR6_NS8_novb12,allo,415587,6625181,5
M451,10/23/2012,novb12,TDR6_novb12,R.pumilio.nord,M,TDR6_NS8_novb12,allo,415587,6625181,5
M410,10/15/2012,novb12,SO15_novb12,R.d.dilectus,M,SO15_NSBB_novb12,symp,411934,6811738,5
M410,10/12/2012,novb12,SO15_novb12,R.d.dilectus,M,SO15_NS3_novb12,symp,411928,6811730,5
M410,10/11/2012,novb12,SO15_novb12,R.d.dilectus,M,SO15_NS5_novb12,symp,411927,6811731,5
M410,10/13/2012,novb12,SO15_novb12,R.d.dilectus,M,SO15_NS5_novb12,symp,411927,6811731,5
M397,10/9/2012,novb12,SO14_novb12,R.pumilio.nord,M,SO14_NS1_novb12,allo,407670,6810891,6
M397,10/11/2012,novb12,SO14_novb12,R.pumilio.nord,M,SO14_NS1_novb12,allo,407670,6810891,6
M397,10/12/2012,novb12,SO14_novb12,R.pumilio.nord,M,SO14_NS1_novb12,allo,407670,6810891,6
M397,10/13/2012,novb12,SO14_novb12,R.pumilio.nord,M,SO14_NS3_novb12,allo,407668,6810887,6
M397,10/10/2012,novb12,SO14_novb12,R.pumilio.nord,M,SO14_NS1_novb12,allo,407670,6810891,6
M397,10/8/2012,novb12,SO14_novb12,R.pumilio.nord,M,SO14_NS2_novb12,allo,407663,6810896,6
M383,10/8/2012,novb12,SO10_novb12,R.pumilio.nord,M,SO10_NS10_novb12,allo,406610,6808980,4
M383,10/6/2012,novb12,SO10_novb12,R.pumilio.nord,M,SO10_NS4_novb12,allo,406610,6808975,4
M383,10/7/2012,novb12,SO10_novb12,R.pumilio.nord,M,SO10_NS2_novb12,allo,406589,6808999,4
M383,10/9/2012,novb12,SO10_novb12,R.pumilio.nord,M,SO10_NS13_novb12,allo,406572,6809007,4
M377,10/9/2012,novb12,SO8_novb12,R.d.dilectus,M,SO8_NS9_novb12,allo,409795,6808135,6
M377,10/7/2012,novb12,SO8_novb12,R.d.dilectus,M,SO8_NS4_novb12,allo,409793,6808136,6
M377,10/8/2012,novb12,SO8_novb12,R.d.dilectus,M,SO8_NS4_novb12,allo,409793,6808136,6
M377,10/10/2012,novb12,SO8_novb12,R.d.dilectus,M,SO8_NS17_novb12,allo,409792,6808142,6
M377,10/11/2012,novb12,SO8_novb12,R.d.dilectus,M,SO8_NS17_novb12,allo,409792,6808142,6
M377,10/12/2012,novb12,SO8_novb12,R.d.dilectus,M,SO8_NS17_novb12,allo,409792,6808142,6
M35,11/10/2011,novb11,SAN_1_4_5_1G_8_novb11,R.pumilio.nord,M,E_novb11,symp,372266,6938038,9
M35,11/11/2011,novb11,SAN_1_4_5_1G_8_novb11,R.pumilio.nord,M,E_novb11,symp,372266,6938038,9
M35,11/13/2011,novb11,SAN_1_4_5_1G_8_novb11,R.pumilio.nord,M,E_novb11,symp,372266,6938038,9
M35,11/14/2011,novb11,SAN_1_4_5_1G_8_novb11,R.pumilio.nord,M,E_novb11,symp,372266,6938038,9
M35,11/15/2011,novb11,SAN_1_4_5_1G_8_novb11,R.pumilio.nord,M,E_novb11,symp,372266,6938038,9
M35,11/12/2011,novb11,SAN_1_4_5_1G_8_novb11,R.pumilio.nord,M,F_novb11,symp,372228,6938045,9
M35,11/16/2011,novb11,SAN_1_4_5_1G_8_novb11,R.pumilio.nord,M,F_novb11,symp,372228,6938045,9
M35,11/17/2011,novb11,SAN_1_4_5_1G_8_novb11,R.pumilio.nord,M,F_novb11,symp,372228,6938045,9
M35,11/18/2011,novb11,SAN_1_4_5_1G_8_novb11,R.pumilio.nord,M,F_novb11,symp,372228,6938045,9
M308,10/14/2012,novb12,SO8_novb12,R.d.dilectus,M,SO8_NS36_novb12,allo,409870,6808185,5
M308,10/13/2012,novb12,SO8_novb12,R.d.dilectus,M,SO8_NS29_novb12,allo,409861,6808145,5
M308,10/12/2012,novb12,SO8_novb12,R.d.dilectus,M,SO8_NS25_novb12,allo,409835,6808156,5
M308,10/10/2012,novb12,SO8_novb12,R.d.dilectus,M,SO8_NS18B_novb12,allo,409834,6808134,5
M308,10/11/2012,novb12,SO8_novb12,R.d.dilectus,M,SO8_NS19_novb12,allo,409833,6808134,5
M30,11/8/2011,novb11,SAN2_RHINO_novb11,R.pumilio.nord,M,AI_novb11,symp,373215,6937335,5
M30,11/7/2011,novb11,SAN2_RHINO_novb11,R.pumilio.nord,M,AH_novb11,symp,373212,6937328,5
M30,11/9/2011,novb11,SAN2_RHINO_novb11,R.pumilio.nord,M,AH_novb11,symp,373212,6937328,5
M30,11/10/2011,novb11,SAN2_RHINO_novb11,R.pumilio.nord,M,AM_novb11,symp,373210,6937327,5
M30,11/11/2011,novb11,SAN2_RHINO_novb11,R.pumilio.nord,M,AN_novb11,symp,373206,6937319,5
M264,10/13/2012,novb12,SO8_novb12,R.d.dilectus,M,SO8_NS30_novb12,allo,409842,6808151,5
M264,10/12/2012,novb12,SO8_novb12,R.d.dilectus,M,SO8_NS24_novb12,allo,409831,6808157,5
M264,10/10/2012,novb12,SO8_novb12,R.d.dilectus,M,SO8_NS17B_novb12,allo,409792,6808142,5
M264,10/11/2012,novb12,SO8_novb12,R.d.dilectus,M,SO8_NS18_novb12,allo,409792,6808107,5
M264,10/9/2012,novb12,SO8_novb12,R.d.dilectus,M,SO8_NS14_novb12,allo,409762,6808160,5
M2,11/5/2011,novb11,SAN2_RHINO_novb11,R.d.dilectus,M,AD_novb11,symp,373225,6937152,9
M2,11/6/2011,novb11,SAN2_RHINO_novb11,R.d.dilectus,M,AD_novb11,symp,373225,6937152,9
M2,11/7/2011,novb11,SAN2_RHINO_novb11,R.d.dilectus,M,AD_novb11,symp,373225,6937152,9
M2,11/8/2011,novb11,SAN2_RHINO_novb11,R.d.dilectus,M,AD_novb11,symp,373225,6937152,9
M2,11/9/2011,novb11,SAN2_RHINO_novb11,R.d.dilectus,M,AD_novb11,symp,373225,6937152,9
M2,11/10/2011,novb11,SAN2_RHINO_novb11,R.d.dilectus,M,AD_novb11,symp,373225,6937152,9
M2,11/11/2011,novb11,SAN2_RHINO_novb11,R.d.dilectus,M,AD_novb11,symp,373225,6937152,9
M2,11/12/2011,novb11,SAN2_RHINO_novb11,R.d.dilectus,M,AD_novb11,symp,373225,6937152,9
M2,11/4/2011,novb11,SAN2_RHINO_novb11,R.d.dilectus,M,BH_novb11,symp,373224,6937124,9
M17,11/6/2011,novb11,SAN_1_4_5_1G_8_novb11,R.pumilio.nord,M,BP_novb11,symp,372495,6938027,3
M17,11/7/2011,novb11,SAN_1_4_5_1G_8_novb11,R.pumilio.nord,M,BP_novb11,symp,372495,6938027,3
M17,11/8/2011,novb11,SAN_1_4_5_1G_8_novb11,R.pumilio.nord,M,BP_novb11,symp,372495,6938027,3
M140,11/12/2011,novb11,SAN_1_4_5_1G_8_novb11,R.pumilio.nord,M,J_novb11,symp,372455,6937942,7
M140,11/13/2011,novb11,SAN_1_4_5_1G_8_novb11,R.pumilio.nord,M,J_novb11,symp,372455,6937942,7
M140,11/15/2011,novb11,SAN_1_4_5_1G_8_novb11,R.pumilio.nord,M,J_novb11,symp,372455,6937942,7
M140,11/16/2011,novb11,SAN_1_4_5_1G_8_novb11,R.pumilio.nord,M,J_novb11,symp,372455,6937942,7
M140,11/17/2011,novb11,SAN_1_4_5_1G_8_novb11,R.pumilio.nord,M,J_novb11,symp,372455,6937942,7
M140,11/14/2011,novb11,SAN_1_4_5_1G_8_novb11,R.pumilio.nord,M,I_novb11,symp,372454,6937936,7
M140,11/18/2011,novb11,SAN_1_4_5_1G_8_novb11,R.pumilio.nord,M,CA_novb11,symp,372393,6937965,7
M12,11/9/2011,novb11,SAN_1_4_5_1G_8_novb11,R.pumilio.nord,M,M_novb11,symp,372457,6938033,7
M117,11/13/2011,novb11,SAN2_RHINO_novb11,R.pumilio.nord,M,AH_novb11,symp,373212,6937328,5
M117,11/14/2011,novb11,SAN2_RHINO_novb11,R.pumilio.nord,M,AH_novb11,symp,373212,6937328,5
M117,11/15/2011,novb11,SAN2_RHINO_novb11,R.pumilio.nord,M,AH_novb11,symp,373212,6937328,5
M117,11/16/2011,novb11,SAN2_RHINO_novb11,R.pumilio.nord,M,AH_novb11,symp,373212,6937328,5
M117,11/17/2011,novb11,SAN2_RHINO_novb11,R.pumilio.nord,M,AH_novb11,symp,373212,6937328,5
M116,11/17/2011,novb11,SAN_1_4_5_1G_8_novb11,R.d.dilectus,M,BZ_novb11,symp,372409,6937817,5
M116,11/13/2011,novb11,SAN_1_4_5_1G_8_novb11,R.d.dilectus,M,BA_novb11,symp,372407,6937804,5
M116,11/14/2011,novb11,SAN_1_4_5_1G_8_novb11,R.d.dilectus,M,BB_novb11,symp,372406,6937811,5
M116,11/16/2011,novb11,SAN_1_4_5_1G_8_novb11,R.d.dilectus,M,BC_novb11,symp,372393,6937814,5
M116,11/15/2011,novb11,SAN_1_4_5_1G_8_novb11,R.d.dilectus,M,BY_novb11,symp,372364,6937795,5
F9,11/6/2011,novb11,SAN_1_4_5_1G_8_novb11,R.pumilio.nord,F,AC_novb11,symp,372261,6937824,11
F9,11/7/2011,novb11,SAN_1_4_5_1G_8_novb11,R.pumilio.nord,F,AC_novb11,symp,372261,6937824,11
F9,11/8/2011,novb11,SAN_1_4_5_1G_8_novb11,R.pumilio.nord,F,AC_novb11,symp,372261,6937824,11
F9,11/9/2011,novb11,SAN_1_4_5_1G_8_novb11,R.pumilio.nord,F,AC_novb11,symp,372261,6937824,11
F9,11/10/2011,novb11,SAN_1_4_5_1G_8_novb11,R.pumilio.nord,F,AC_novb11,symp,372261,6937824,11
F9,11/11/2011,novb11,SAN_1_4_5_1G_8_novb11,R.pumilio.nord,F,AC_novb11,symp,372261,6937824,11
F9,11/12/2011,novb11,SAN_1_4_5_1G_8_novb11,R.pumilio.nord,F,AC_novb11,symp,372261,6937824,11
F9,11/13/2011,novb11,SAN_1_4_5_1G_8_novb11,R.pumilio.nord,F,AC_novb11,symp,372261,6937824,11
F9,11/14/2011,novb11,SAN_1_4_5_1G_8_novb11,R.pumilio.nord,F,AC_novb11,symp,372261,6937824,11
F9,11/15/2011,novb11,SAN_1_4_5_1G_8_novb11,R.pumilio.nord,F,AC_novb11,symp,372261,6937824,11
F9,11/16/2011,novb11,SAN_1_4_5_1G_8_novb11,R.pumilio.nord,F,AC_novb11,symp,372261,6937824,11
F797,11/22/2013,novb13,TDR2B_novb13,R.pumilio.nord,F,TDR2B_NS7_novb13,allo,418556,6627547,9
F797,11/23/2013,novb13,TDR2B_novb13,R.pumilio.nord,F,TDR2B_NS7_novb13,allo,418556,6627547,9
F797,11/24/2013,novb13,TDR2B_novb13,R.pumilio.nord,F,TDR2B_NS7_novb13,allo,418556,6627547,9
F797,11/25/2013,novb13,TDR2B_novb13,R.pumilio.nord,F,TDR2B_NS7_novb13,allo,418556,6627547,9
F797,11/26/2013,novb13,TDR2B_novb13,R.pumilio.nord,F,TDR2B_NS7_novb13,allo,418556,6627547,9
F797,11/27/2013,novb13,TDR2B_novb13,R.pumilio.nord,F,TDR2B_NS7_novb13,allo,418556,6627547,9
F797,11/28/2013,novb13,TDR2B_novb13,R.pumilio.nord,F,TDR2B_NS7_novb13,allo,418556,6627547,9
F797,11/29/2013,novb13,TDR2B_novb13,R.pumilio.nord,F,TDR2B_NS7_novb13,allo,418556,6627547,9
F771,11/30/2013,novb13,TDR2B_novb13,R.pumilio.nord,F,TDR2B_NS21_novb13,allo,418619,6627543,12
F771,11/19/2013,novb13,TDR2B_novb13,R.pumilio.nord,F,TDR2B_NS1_novb13,allo,418569,6627525,12
F771,11/20/2013,novb13,TDR2B_novb13,R.pumilio.nord,F,TDR2B_NS1_novb13,allo,418569,6627525,12
F771,11/21/2013,novb13,TDR2B_novb13,R.pumilio.nord,F,TDR2B_NS1_novb13,allo,418569,6627525,12
F771,11/22/2013,novb13,TDR2B_novb13,R.pumilio.nord,F,TDR2B_NS1_novb13,allo,418569,6627525,12
F771,11/23/2013,novb13,TDR2B_novb13,R.pumilio.nord,F,TDR2B_NS1_novb13,allo,418569,6627525,12
F771,11/24/2013,novb13,TDR2B_novb13,R.pumilio.nord,F,TDR2B_NS1_novb13,allo,418569,6627525,12
F771,11/25/2013,novb13,TDR2B_novb13,R.pumilio.nord,F,TDR2B_NS1_novb13,allo,418569,6627525,12
F771,11/26/2013,novb13,TDR2B_novb13,R.pumilio.nord,F,TDR2B_NS1_novb13,allo,418569,6627525,12
F771,11/27/2013,novb13,TDR2B_novb13,R.pumilio.nord,F,TDR2B_NS7_novb13,allo,418556,6627547,12
F771,11/28/2013,novb13,TDR2B_novb13,R.pumilio.nord,F,TDR2B_NS7_novb13,allo,418556,6627547,12
F771,11/29/2013,novb13,TDR2B_novb13,R.pumilio.nord,F,TDR2B_NS7_novb13,allo,418556,6627547,12
F77,11/12/2011,novb11,SAN2_RHINO_novb11,R.pumilio.nord,F,AK_novb11,symp,373278,6937295,6
F77,11/13/2011,novb11,SAN2_RHINO_novb11,R.pumilio.nord,F,AK_novb11,symp,373278,6937295,6
F77,11/14/2011,novb11,SAN2_RHINO_novb11,R.pumilio.nord,F,AK_novb11,symp,373278,6937295,6
F77,11/15/2011,novb11,SAN2_RHINO_novb11,R.pumilio.nord,F,AK_novb11,symp,373278,6937295,6
F77,11/11/2011,novb11,SAN2_RHINO_novb11,R.pumilio.nord,F,BO_novb11,symp,373234,6937312,6
F77,11/10/2011,novb11,SAN2_RHINO_novb11,R.pumilio.nord,F,AH_novb11,symp,373212,6937328,6
F765,11/14/2013,novb13,TDR6_novb13,R.pumilio.nord,F,TDR6_NS4_novb13,allo,415411,6625222,13
F765,11/24/2013,novb13,TDR6_novb13,R.pumilio.nord,F,TDR6_NS4_novb13,allo,415411,6625222,13
F765,11/12/2013,novb13,TDR6_novb13,R.pumilio.nord,F,TDR6_NS1_novb13,allo,415399,6625218,13
F765,11/13/2013,novb13,TDR6_novb13,R.pumilio.nord,F,TDR6_NS2_novb13,allo,415394,6625216,13
F765,11/17/2013,novb13,TDR6_novb13,R.pumilio.nord,F,TDR6_NS2_novb13,allo,415394,6625216,13
F765,11/22/2013,novb13,TDR6_novb13,R.pumilio.nord,F,TDR6_NS2_novb13,allo,415394,6625216,13
F765,11/15/2013,novb13,TDR6_novb13,R.pumilio.nord,F,TDR6_NS3_novb13,allo,415394,6625218,13
F765,11/23/2013,novb13,TDR6_novb13,R.pumilio.nord,F,TDR6_NS3_novb13,allo,415394,6625218,13
F765,11/21/2013,novb13,TDR6_novb13,R.pumilio.nord,F,TDR6_NS8_novb13,allo,415382,6625266,13
F765,11/19/2013,novb13,TDR6_novb13,R.pumilio.nord,F,TDR6_NS6_novb13,allo,415377,6625276,13
F765,11/20/2013,novb13,TDR6_novb13,R.pumilio.nord,F,TDR6_NS6_novb13,allo,415377,6625276,13
F765,11/16/2013,novb13,TDR6_novb13,R.pumilio.nord,F,TDR6_NS5_novb13,allo,415338,6625250,13
F765,11/18/2013,novb13,TDR6_novb13,R.pumilio.nord,F,TDR6_NS5_novb13,allo,415338,6625250,13
F764,11/14/2013,novb13,TDR6_novb13,R.pumilio.nord,F,TDR8_NS5_novb13,allo,415840,6625303,13
F764,11/15/2013,novb13,TDR6_novb13,R.pumilio.nord,F,TDR8_NS5_novb13,allo,415840,6625303,13
F764,11/12/2013,novb13,TDR6_novb13,R.pumilio.nord,F,TDR8_NS3_novb13,allo,415821,6625286,13
F764,11/16/2013,novb13,TDR6_novb13,R.pumilio.nord,F,TDR8_NS3_novb13,allo,415821,6625286,13
F764,11/17/2013,novb13,TDR6_novb13,R.pumilio.nord,F,TDR8_NS3_novb13,allo,415821,6625286,13
F764,11/21/2013,novb13,TDR6_novb13,R.pumilio.nord,F,TDR8_NS3_novb13,allo,415821,6625286,13
F764,11/22/2013,novb13,TDR6_novb13,R.pumilio.nord,F,TDR8_NS3_novb13,allo,415821,6625286,13
F764,11/23/2013,novb13,TDR6_novb13,R.pumilio.nord,F,TDR8_NS3_novb13,allo,415821,6625286,13
F764,11/11/2013,novb13,TDR6_novb13,R.pumilio.nord,F,TDR8_NS1_novb13,allo,415784,6625279,13
F764,11/20/2013,novb13,TDR6_novb13,R.pumilio.nord,F,TDR8_NS1_novb13,allo,415784,6625279,13
F764,11/18/2013,novb13,TDR6_novb13,R.pumilio.nord,F,TDR8_NS6_novb13,allo,415779,6625298,13
F764,11/19/2013,novb13,TDR6_novb13,R.pumilio.nord,F,TDR8_NS6_novb13,allo,415779,6625298,13
F72,11/10/2011,novb11,SAN_1_4_5_1G_8_novb11,R.pumilio.nord,F,J_novb11,symp,372455,6937942,8
F72,11/16/2011,novb11,SAN_1_4_5_1G_8_novb11,R.pumilio.nord,F,J_novb11,symp,372455,6937942,8
F72,11/13/2011,novb11,SAN_1_4_5_1G_8_novb11,R.pumilio.nord,F,I_novb11,symp,372454,6937936,8
F72,11/14/2011,novb11,SAN_1_4_5_1G_8_novb11,R.pumilio.nord,F,I_novb11,symp,372454,6937936,8
F72,11/11/2011,novb11,SAN_1_4_5_1G_8_novb11,R.pumilio.nord,F,G_novb11,symp,372449,6937932,8
F72,11/15/2011,novb11,SAN_1_4_5_1G_8_novb11,R.pumilio.nord,F,G_novb11,symp,372449,6937932,8
F72,11/17/2011,novb11,SAN_1_4_5_1G_8_novb11,R.pumilio.nord,F,G_novb11,symp,372449,6937932,8
F72,11/12/2011,novb11,SAN_1_4_5_1G_8_novb11,R.pumilio.nord,F,H_novb11,symp,372424,6937952,8
F664,11/19/2013,novb13,TDR2B_novb13,R.pumilio.nord,F,TDR2B_NS2_novb13,allo,418534,6627600,12
F664,11/26/2013,novb13,TDR2B_novb13,R.pumilio.nord,F,TDR2B_NS15_novb13,allo,418528,6627582,12
F664,11/21/2013,novb13,TDR2B_novb13,R.pumilio.nord,F,TDR2B_NS6_novb13,allo,418496,6627535,12
F664,11/22/2013,novb13,TDR2B_novb13,R.pumilio.nord,F,TDR2B_NS6_novb13,allo,418496,6627535,12
F664,11/24/2013,novb13,TDR2B_novb13,R.pumilio.nord,F,TDR2B_NS6_novb13,allo,418496,6627535,12
F664,11/25/2013,novb13,TDR2B_novb13,R.pumilio.nord,F,TDR2B_NS6_novb13,allo,418496,6627535,12
F664,11/20/2013,novb13,TDR2B_novb13,R.pumilio.nord,F,TDR2B_NS5_novb13,allo,418442,6627601,12
F664,11/27/2013,novb13,TDR2B_novb13,R.pumilio.nord,F,TDR2B_NS5_novb13,allo,418442,6627601,12
F664,11/28/2013,novb13,TDR2B_novb13,R.pumilio.nord,F,TDR2B_NS5_novb13,allo,418442,6627601,12
F664,11/29/2013,novb13,TDR2B_novb13,R.pumilio.nord,F,TDR2B_NS5_novb13,allo,418442,6627601,12
F664,11/30/2013,novb13,TDR2B_novb13,R.pumilio.nord,F,TDR2B_NS5_novb13,allo,418442,6627601,12
F664,11/23/2013,novb13,TDR2B_novb13,R.pumilio.nord,F,TDR2B_NS10_novb13,allo,418435,6627591,12
F608,11/14/2012,novb12,SAN_1_4_5_1G_8_novb12,R.pumilio.nord,F,SA4_NS11_novb12,allo,372377,6938121,6
F608,11/15/2012,novb12,SAN_1_4_5_1G_8_novb12,R.pumilio.nord,F,SA4_NS11_novb12,allo,372377,6938121,6
F608,11/17/2012,novb12,SAN_1_4_5_1G_8_novb12,R.pumilio.nord,F,SA4_NS11_novb12,allo,372377,6938121,6
F608,11/18/2012,novb12,SAN_1_4_5_1G_8_novb12,R.pumilio.nord,F,SA4_NS11_novb12,allo,372377,6938121,6
F608,11/16/2012,novb12,SAN_1_4_5_1G_8_novb12,R.pumilio.nord,F,SA4_NS14_novb12,allo,372369,6938125,6
F608,11/19/2012,novb12,SAN_1_4_5_1G_8_novb12,R.pumilio.nord,F,SA4_NS15_novb12,allo,372320,6938149,6
F605,11/13/2012,novb12,BL4_novb12,R.d.dilectus,F,BL4_NS1N_novb12,allo,371605,6946650,6
F605,11/15/2012,novb12,BL4_novb12,R.d.dilectus,F,BL4_NS1N_novb12,allo,371605,6946650,6
F605,11/16/2012,novb12,BL4_novb12,R.d.dilectus,F,BL4_NS1N_novb12,allo,371605,6946650,6
F605,11/18/2012,novb12,BL4_novb12,R.d.dilectus,F,BL4_NS18C_novb12,allo,371604,6946633,6
F605,11/17/2012,novb12,BL4_novb12,R.d.dilectus,F,BL4_NS7N_novb12,allo,371597,6946640,6
F605,11/14/2012,novb12,BL4_novb12,R.d.dilectus,F,BL4_NS5N_novb12,allo,371590,6946627,6
F603,11/16/2012,novb12,BL4_novb12,R.d.dilectus,F,BL4_NS1N_novb12,allo,371605,6946650,6
F603,11/17/2012,novb12,BL4_novb12,R.d.dilectus,F,BL4_NS1N_novb12,allo,371605,6946650,6
F603,11/12/2012,novb12,BL4_novb12,R.d.dilectus,F,BL4_NS2N_novb12,allo,371592,6946630,6
F603,11/13/2012,novb12,BL4_novb12,R.d.dilectus,F,BL4_NS5N_novb12,allo,371590,6946627,6
F603,11/14/2012,novb12,BL4_novb12,R.d.dilectus,F,BL4_NS5N_novb12,allo,371590,6946627,6
F603,11/15/2012,novb12,BL4_novb12,R.d.dilectus,F,BL4_NS5N_novb12,allo,371590,6946627,6
F6,11/18/2011,novb11,SAN2_RHINO_novb11,R.pumilio.nord,F,BX_novb11,symp,373254,6937200,7
F6,11/12/2011,novb11,SAN2_RHINO_novb11,R.pumilio.nord,F,AG_novb11,symp,373237,6937191,7
F6,11/13/2011,novb11,SAN2_RHINO_novb11,R.pumilio.nord,F,AG_novb11,symp,373237,6937191,7
F6,11/14/2011,novb11,SAN2_RHINO_novb11,R.pumilio.nord,F,AG_novb11,symp,373237,6937191,7
F6,11/15/2011,novb11,SAN2_RHINO_novb11,R.pumilio.nord,F,AG_novb11,symp,373237,6937191,7
F6,11/16/2011,novb11,SAN2_RHINO_novb11,R.pumilio.nord,F,AG_novb11,symp,373237,6937191,7
F6,11/17/2011,novb11,SAN2_RHINO_novb11,R.pumilio.nord,F,AG_novb11,symp,373237,6937191,7
F599,11/8/2012,novb12,SAN_1_4_5_1G_8_novb12,R.pumilio.nord,F,SA5_NS7_novb12,allo,372527,6937904,4
F599,11/9/2012,novb12,SAN_1_4_5_1G_8_novb12,R.pumilio.nord,F,SA5_NS7_novb12,allo,372527,6937904,4
F599,11/10/2012,novb12,SAN_1_4_5_1G_8_novb12,R.pumilio.nord,F,SA5_NS7_novb12,allo,372527,6937904,4
F599,11/7/2012,novb12,SAN_1_4_5_1G_8_novb12,R.pumilio.nord,F,SA5_NS6_novb12,allo,372502,6937939,4
F597,11/17/2012,novb12,BL4_novb12,R.d.dilectus,F,BL4_NS10N_novb12,allo,371490,6946641,6
F597,11/14/2012,novb12,BL4_novb12,R.d.dilectus,F,BL4_NS9N_novb12,allo,371478,6946622,6
F597,11/13/2012,novb12,BL4_novb12,R.d.dilectus,F,BL4_NS7C_novb12,allo,371477,6946624,6
F597,11/12/2012,novb12,BL4_novb12,R.d.dilectus,F,BL4_NS1C_novb12,allo,371470,6946623,6
F597,11/15/2012,novb12,BL4_novb12,R.d.dilectus,F,BL4_NS2C_novb12,allo,371450,6946615,6
F597,11/16/2012,novb12,BL4_novb12,R.d.dilectus,F,BL4_NS2C_novb12,allo,371450,6946615,6
F595,11/9/2012,novb12,BL3_novb12,R.d.dilectus,F,BL3_NS26_novb12,allo,370604,6945806,6
F595,11/8/2012,novb12,BL3_novb12,R.d.dilectus,F,BL3_NS1_novb12,allo,370603,6945808,6
F595,11/11/2012,novb12,BL3_novb12,R.d.dilectus,F,BL3_NS111112-3_novb12,allo,370603,6945814,6
F595,11/6/2012,novb12,BL3_novb12,R.d.dilectus,F,BL3_NS16_novb12,allo,370601,6945811,6
F595,11/7/2012,novb12,BL3_novb12,R.d.dilectus,F,BL3_NS16_novb12,allo,370601,6945811,6
F595,11/10/2012,novb12,BL3_novb12,R.d.dilectus,F,BL3_NS23_novb12,allo,370598,6945811,6
F593,11/6/2012,novb12,BL3_novb12,R.d.dilectus,F,BL3_NS7_novb12,allo,370526,6945687,6
F593,11/7/2012,novb12,BL3_novb12,R.d.dilectus,F,BL3_NS7_novb12,allo,370526,6945687,6
F593,11/8/2012,novb12,BL3_novb12,R.d.dilectus,F,BL3_NS20_novb12,allo,370522,6945681,6
F593,11/9/2012,novb12,BL3_novb12,R.d.dilectus,F,BL3_NS20_novb12,allo,370522,6945681,6
F593,11/10/2012,novb12,BL3_novb12,R.d.dilectus,F,BL3_NS13_novb12,allo,370520,6945687,6
F593,11/11/2012,novb12,BL3_novb12,R.d.dilectus,F,BL3_NS111112-2_novb12,allo,370513,6945684,6
F589,11/5/2012,novb12,BL3_novb12,R.d.dilectus,F,BL3_NS6_novb12,allo,370525,6945688,7
F589,11/10/2012,novb12,BL3_novb12,R.d.dilectus,F,BL3_NS101112-2_novb12,allo,370522,6945691,7
F589,11/6/2012,novb12,BL3_novb12,R.d.dilectus,F,BL3_NS13_novb12,allo,370520,6945687,7
F589,11/7/2012,novb12,BL3_novb12,R.d.dilectus,F,BL3_NS13_novb12,allo,370520,6945687,7
F589,11/8/2012,novb12,BL3_novb12,R.d.dilectus,F,BL3_NS19_novb12,allo,370515,6945685,7
F589,11/9/2012,novb12,BL3_novb12,R.d.dilectus,F,BL3_NS8_novb12,allo,370514,6945684,7
F585,11/10/2012,novb12,BL3_novb12,R.d.dilectus,F,BL3_NS101112-1_novb12,allo,370555,6945752,6
F585,11/8/2012,novb12,BL3_novb12,R.d.dilectus,F,BL3_NS15_novb12,allo,370553,6945750,6
F585,11/9/2012,novb12,BL3_novb12,R.d.dilectus,F,BL3_NS91112-2_novb12,allo,370553,6945751,6
F585,11/5/2012,novb12,BL3_novb12,R.d.dilectus,F,BL3_NS11_novb12,allo,370549,6945753,6
F585,11/6/2012,novb12,BL3_novb12,R.d.dilectus,F,BL3_NS11_novb12,allo,370549,6945753,6
F585,11/7/2012,novb12,BL3_novb12,R.d.dilectus,F,BL3_NS11_novb12,allo,370549,6945753,6
F584,11/6/2012,novb12,BL3_novb12,R.d.dilectus,F,BL3_NS17_novb12,allo,370677,6945902,7
F584,11/7/2012,novb12,BL3_novb12,R.d.dilectus,F,BL3_NS17_novb12,allo,370677,6945902,7
F584,11/9/2012,novb12,BL3_novb12,R.d.dilectus,F,BL3_NS18_novb12,allo,370676,6945905,7
F584,11/4/2012,novb12,BL3_novb12,R.d.dilectus,F,BL3_NS5_novb12,allo,370673,6945896,7
F584,11/10/2012,novb12,BL3_novb12,R.d.dilectus,F,BL3_NS5_novb12,allo,370673,6945896,7
F584,11/5/2012,novb12,BL3_novb12,R.d.dilectus,F,BL3_NS12_novb12,allo,370669,6945901,7
F584,11/8/2012,novb12,BL3_novb12,R.d.dilectus,F,BL3_NS12_novb12,allo,370669,6945901,7
F581,11/6/2012,novb12,BL3_novb12,R.d.dilectus,F,BL3_NS15_novb12,allo,370553,6945750,7
F581,11/7/2012,novb12,BL3_novb12,R.d.dilectus,F,BL3_NS15_novb12,allo,370553,6945750,7
F581,11/9/2012,novb12,BL3_novb12,R.d.dilectus,F,BL3_NS91112-2_novb12,allo,370553,6945751,7
F581,11/10/2012,novb12,BL3_novb12,R.d.dilectus,F,BL3_NS91112-2_novb12,allo,370553,6945751,7
F581,11/4/2012,novb12,BL3_novb12,R.d.dilectus,F,BL3_NS3_novb12,allo,370550,6945742,7
F581,11/8/2012,novb12,BL3_novb12,R.d.dilectus,F,BL3_NS11_novb12,allo,370549,6945753,7
F581,11/5/2012,novb12,BL3_novb12,R.d.dilectus,F,BL3_NS9_novb12,allo,370548,6945747,7
F580,11/15/2012,novb12,BL4_novb12,R.d.dilectus,F,BL4_NS10C_novb12,allo,371415,6946616,6
F580,11/16/2012,novb12,BL4_novb12,R.d.dilectus,F,BL4_NS8C_novb12,allo,371411,6946590,6
F580,11/17/2012,novb12,BL4_novb12,R.d.dilectus,F,BL4_NS8C_novb12,allo,371411,6946590,6
F580,11/12/2012,novb12,BL4_novb12,R.d.dilectus,F,BL4_NS5C_novb12,allo,371408,6946598,6
F580,11/13/2012,novb12,BL4_novb12,R.d.dilectus,F,BL4_NS5C_novb12,allo,371408,6946598,6
F580,11/14/2012,novb12,BL4_novb12,R.d.dilectus,F,BL4_NS5C_novb12,allo,371408,6946598,6
F577,11/7/2012,novb12,SAN_1_4_5_1G_8_novb12,R.pumilio.nord,F,SA5_NS5_novb12,allo,372423,6937939,6
F577,11/6/2012,novb12,SAN_1_4_5_1G_8_novb12,R.pumilio.nord,F,SA5B_NST5_novb12,allo,372417,6937982,6
F577,11/8/2012,novb12,SAN_1_4_5_1G_8_novb12,R.pumilio.nord,F,SA5_NST2_novb12,allo,372408,6937987,6
F577,11/9/2012,novb12,SAN_1_4_5_1G_8_novb12,R.pumilio.nord,F,SA5_NS4_novb12,allo,372399,6937976,6
F577,11/10/2012,novb12,SAN_1_4_5_1G_8_novb12,R.pumilio.nord,F,SA5_NS4_novb12,allo,372399,6937976,6
F577,11/11/2012,novb12,SAN_1_4_5_1G_8_novb12,R.pumilio.nord,F,SA5_NS4_novb12,allo,372399,6937976,6
F575,11/9/2012,novb12,BL3_novb12,R.d.dilectus,F,BL3_NS26_novb12,allo,370604,6945806,6
F575,11/4/2012,novb12,BL3_novb12,R.d.dilectus,F,BL3_NS1_novb12,allo,370603,6945808,6
F575,11/8/2012,novb12,BL3_novb12,R.d.dilectus,F,BL3_NS22_novb12,allo,370603,6945804,6
F575,11/5/2012,novb12,BL3_novb12,R.d.dilectus,F,BL3_NS2_novb12,allo,370598,6945816,6
F575,11/6/2012,novb12,BL3_novb12,R.d.dilectus,F,BL3_NS2_novb12,allo,370598,6945816,6
F575,11/7/2012,novb12,BL3_novb12,R.d.dilectus,F,BL3_NS2_novb12,allo,370598,6945816,6
F566,11/2/2012,novb12,BL1_novb12,R.d.dilectus,F,BL1_NS14_novb12,allo,368910,6943510,5
F566,11/3/2012,novb12,BL1_novb12,R.d.dilectus,F,BL1_NS14_novb12,allo,368910,6943510,5
F566,11/5/2012,novb12,BL1_novb12,R.d.dilectus,F,BL1_NS14_novb12,allo,368910,6943510,5
F566,11/7/2012,novb12,BL1_novb12,R.d.dilectus,F,BL1_NS14_novb12,allo,368910,6943510,5
F566,11/4/2012,novb12,BL1_novb12,R.d.dilectus,F,BL1_NS41112-2_novb12,allo,368910,6943513,5
F565,11/7/2012,novb12,BL1_novb12,R.d.dilectus,F,BL1_NS31112_novb12,allo,368917,6943398,6
F565,11/6/2012,novb12,BL1_novb12,R.d.dilectus,F,BL1_NS3_novb12,allo,368916,6943400,6
F565,11/5/2012,novb12,BL1_novb12,R.d.dilectus,F,BL1_NS20_novb12,allo,368909,6943392,6
F565,11/4/2012,novb12,BL1_novb12,R.d.dilectus,F,BL1_NS41112-1_novb12,allo,368905,6943403,6
F565,11/2/2012,novb12,BL1_novb12,R.d.dilectus,F,BL1_NS16_novb12,allo,368903,6943395,6
F565,11/3/2012,novb12,BL1_novb12,R.d.dilectus,F,BL1_NS16_novb12,allo,368903,6943395,6
F562,11/9/2012,novb12,SAN_1_4_5_1G_8_novb12,R.pumilio.nord,F,SA5_NS9_novb12,allo,372469,6937978,6
F562,11/10/2012,novb12,SAN_1_4_5_1G_8_novb12,R.pumilio.nord,F,SA5_NS9_novb12,allo,372469,6937978,6
F562,11/5/2012,novb12,SAN_1_4_5_1G_8_novb12,R.pumilio.nord,F,SA5_NS1_novb12,allo,372411,6937959,6
F562,11/6/2012,novb12,SAN_1_4_5_1G_8_novb12,R.pumilio.nord,F,SA5_NS1_novb12,allo,372411,6937959,6
F562,11/7/2012,novb12,SAN_1_4_5_1G_8_novb12,R.pumilio.nord,F,SA5_NS1_novb12,allo,372411,6937959,6
F562,11/8/2012,novb12,SAN_1_4_5_1G_8_novb12,R.pumilio.nord,F,SA5_NS1_novb12,allo,372411,6937959,6
F560,11/6/2012,novb12,SAN_1_4_5_1G_8_novb12,R.pumilio.nord,F,SA4_NS2_novb12,allo,372377,6938023,6
F560,11/7/2012,novb12,SAN_1_4_5_1G_8_novb12,R.pumilio.nord,F,SA4_NS4_novb12,allo,372358,6938025,6
F560,11/8/2012,novb12,SAN_1_4_5_1G_8_novb12,R.pumilio.nord,F,SA4_NS4_novb12,allo,372358,6938025,6
F560,11/9/2012,novb12,SAN_1_4_5_1G_8_novb12,R.pumilio.nord,F,SA4_NS4_novb12,allo,372358,6938025,6
F560,11/10/2012,novb12,SAN_1_4_5_1G_8_novb12,R.pumilio.nord,F,SA4_NS4_novb12,allo,372358,6938025,6
F560,11/5/2012,novb12,SAN_1_4_5_1G_8_novb12,R.pumilio.nord,F,SA4_NS1_novb12,allo,372352,6938018,6
F56,11/15/2011,novb11,SAN_1_4_5_1G_8_novb11,R.d.dilectus,F,AY_novb11,symp,372369,6937784,7
F56,11/16/2011,novb11,SAN_1_4_5_1G_8_novb11,R.d.dilectus,F,AY_novb11,symp,372369,6937784,7
F56,11/13/2011,novb11,SAN_1_4_5_1G_8_novb11,R.d.dilectus,F,AZ_novb11,symp,372367,6937791,7
F56,11/14/2011,novb11,SAN_1_4_5_1G_8_novb11,R.d.dilectus,F,AZ_novb11,symp,372367,6937791,7
F56,11/17/2011,novb11,SAN_1_4_5_1G_8_novb11,R.d.dilectus,F,BW_novb11,symp,372357,6937795,7
F56,11/18/2011,novb11,SAN_1_4_5_1G_8_novb11,R.d.dilectus,F,BW_novb11,symp,372357,6937795,7
F56,11/19/2011,novb11,SAN_1_4_5_1G_8_novb11,R.d.dilectus,F,BW_novb11,symp,372357,6937795,7
F559,11/2/2012,novb12,SAN10_novb12,R.pumilio.nord,F,SA10_NS2_novb12,allo,370572,6939306,5
F559,11/3/2012,novb12,SAN10_novb12,R.pumilio.nord,F,SA10_NS1_novb12,allo,370567,6939306,5
F559,11/4/2012,novb12,SAN10_novb12,R.pumilio.nord,F,SA10_NS1_novb12,allo,370567,6939306,5
F559,11/5/2012,novb12,SAN10_novb12,R.pumilio.nord,F,SA10_NS1_novb12,allo,370567,6939306,5
F559,11/6/2012,novb12,SAN10_novb12,R.pumilio.nord,F,SA10_NS1_novb12,allo,370567,6939306,5
F558,11/6/2012,novb12,SAN10_novb12,R.pumilio.nord,F,SA10_NS4_novb12,allo,370576,6939312,5
F558,11/2/2012,novb12,SAN10_novb12,R.pumilio.nord,F,SA10_NS2_novb12,allo,370572,6939306,5
F558,11/3/2012,novb12,SAN10_novb12,R.pumilio.nord,F,SA10_NS2_novb12,allo,370572,6939306,5
F558,11/4/2012,novb12,SAN10_novb12,R.pumilio.nord,F,SA10_NS2_novb12,allo,370572,6939306,5
F558,11/5/2012,novb12,SAN10_novb12,R.pumilio.nord,F,SA10_NS3_novb12,allo,370554,6939307,5
F557,11/3/2012,novb12,BL1_novb12,R.d.dilectus,F,BL1_NS31112_novb12,allo,368917,6943398,6
F557,11/1/2012,novb12,BL1_novb12,R.d.dilectus,F,BL1_NST6_novb12,allo,368913,6943374,6
F557,11/2/2012,novb12,BL1_novb12,R.d.dilectus,F,BL1_NS15_novb12,allo,368910,6943398,6
F557,11/4/2012,novb12,BL1_novb12,R.d.dilectus,F,BL1_NS15_novb12,allo,368910,6943398,6
F557,10/31/2012,novb12,BL1_novb12,R.d.dilectus,F,BL1_NS8_novb12,allo,368907,6943374,6
F557,11/5/2012,novb12,BL1_novb12,R.d.dilectus,F,BL1_NS41112-1_novb12,allo,368905,6943403,6
F555,11/2/2012,novb12,BL1_novb12,R.d.dilectus,F,BL1_NS1_novb12,allo,368937,6943529,6
F555,11/4/2012,novb12,BL1_novb12,R.d.dilectus,F,BL1_NS41112-3_novb12,allo,368929,6943533,6
F555,10/31/2012,novb12,BL1_novb12,R.d.dilectus,F,BL1_NS5_novb12,allo,368929,6943536,6
F555,11/1/2012,novb12,BL1_novb12,R.d.dilectus,F,BL1_NS5_novb12,allo,368929,6943536,6
F555,10/30/2012,novb12,BL1_novb12,R.d.dilectus,F,BL1_NS4_novb12,allo,368928,6943526,6
F555,11/3/2012,novb12,BL1_novb12,R.d.dilectus,F,BL1_NS13_novb12,allo,368926,6943535,6
F554,10/30/2012,novb12,BL1_novb12,R.d.dilectus,F,BL1_NS7_novb12,allo,368913,6943395,5
F554,11/1/2012,novb12,BL1_novb12,R.d.dilectus,F,BL1_NS8_novb12,allo,368907,6943374,5
F554,11/6/2012,novb12,BL1_novb12,R.d.dilectus,F,BL1_NS16_novb12,allo,368903,6943395,5
F554,11/7/2012,novb12,BL1_novb12,R.d.dilectus,F,BL1_NS16_novb12,allo,368903,6943395,5
F554,10/31/2012,novb12,BL1_novb12,R.d.dilectus,F,BL1_NS9_novb12,allo,368903,6943396,5
F514,11/11/2013,novb13,TDR6_novb13,R.pumilio.nord,F,TDR8_NS2_novb13,allo,415734,6625222,7
F514,11/12/2013,novb13,TDR6_novb13,R.pumilio.nord,F,TDR8_NS2_novb13,allo,415734,6625222,7
F514,11/14/2013,novb13,TDR6_novb13,R.pumilio.nord,F,TDR8_NS2_novb13,allo,415734,6625222,7
F514,11/15/2013,novb13,TDR6_novb13,R.pumilio.nord,F,TDR8_NS2_novb13,allo,415734,6625222,7
F514,11/16/2013,novb13,TDR6_novb13,R.pumilio.nord,F,TDR8_NS2_novb13,allo,415734,6625222,7
F514,11/17/2013,novb13,TDR6_novb13,R.pumilio.nord,F,TDR8_NS2_novb13,allo,415734,6625222,7
F514,11/13/2013,novb13,TDR6_novb13,R.pumilio.nord,F,TDR8_NS4_novb13,allo,415716,6625227,7
F50,11/8/2011,novb11,SAN_1_4_5_1G_8_novb11,R.d.dilectus,F,BD_novb11,symp,372386,6937815,8
F50,11/9/2011,novb11,SAN_1_4_5_1G_8_novb11,R.d.dilectus,F,BD_novb11,symp,372386,6937815,8
F50,11/10/2011,novb11,SAN_1_4_5_1G_8_novb11,R.d.dilectus,F,BD_novb11,symp,372386,6937815,8
F50,11/12/2011,novb11,SAN_1_4_5_1G_8_novb11,R.d.dilectus,F,BE_novb11,symp,372380,6937816,8
F50,11/11/2011,novb11,SAN_1_4_5_1G_8_novb11,R.d.dilectus,F,BF_novb11,symp,372362,6937828,8
F50,11/13/2011,novb11,SAN_1_4_5_1G_8_novb11,R.d.dilectus,F,BF_novb11,symp,372362,6937828,8
F50,11/14/2011,novb11,SAN_1_4_5_1G_8_novb11,R.d.dilectus,F,BF_novb11,symp,372362,6937828,8
F50,11/15/2011,novb11,SAN_1_4_5_1G_8_novb11,R.d.dilectus,F,BF_novb11,symp,372362,6937828,8
F492,10/23/2012,novb12,TDR6_novb12,R.pumilio.nord,F,TDR6_NS16_novb12,allo,415853,6625214,5
F492,10/24/2012,novb12,TDR6_novb12,R.pumilio.nord,F,TDR6_NS16_novb12,allo,415853,6625214,5
F492,10/22/2012,novb12,TDR6_novb12,R.pumilio.nord,F,TDR6_NS17_novb12,allo,415844,6625243,5
F492,10/25/2012,novb12,TDR6_novb12,R.pumilio.nord,F,TDR6_NS18_novb12,allo,415835,6625239,5
F492,10/26/2012,novb12,TDR6_novb12,R.pumilio.nord,F,TDR6_NS18_novb12,allo,415835,6625239,5
F488,10/21/2012,novb12,TDR6_novb12,R.pumilio.nord,F,TDR6_NS5_novb12,allo,415732,6625223,6
F488,10/22/2012,novb12,TDR6_novb12,R.pumilio.nord,F,TDR6_NS5_novb12,allo,415732,6625223,6
F488,10/23/2012,novb12,TDR6_novb12,R.pumilio.nord,F,TDR6_NS5_novb12,allo,415732,6625223,6
F488,10/24/2012,novb12,TDR6_novb12,R.pumilio.nord,F,TDR6_NS5_novb12,allo,415732,6625223,6
F488,10/25/2012,novb12,TDR6_novb12,R.pumilio.nord,F,TDR6_NS5_novb12,allo,415732,6625223,6
F488,10/26/2012,novb12,TDR6_novb12,R.pumilio.nord,F,TDR6_NS5_novb12,allo,415732,6625223,6
F481,10/25/2012,novb12,TDR6_novb12,R.pumilio.nord,F,TDR6_NS20_novb12,allo,415504,6625235,6
F481,10/26/2012,novb12,TDR6_novb12,R.pumilio.nord,F,TDR6_NS20_novb12,allo,415504,6625235,6
F481,10/21/2012,novb12,TDR6_novb12,R.pumilio.nord,F,TDR6_NS11_novb12,allo,415503,6625235,6
F481,10/22/2012,novb12,TDR6_novb12,R.pumilio.nord,F,TDR6_NS11_novb12,allo,415503,6625235,6
F481,10/23/2012,novb12,TDR6_novb12,R.pumilio.nord,F,TDR6_NS11_novb12,allo,415503,6625235,6
F481,10/24/2012,novb12,TDR6_novb12,R.pumilio.nord,F,TDR6_NS11_novb12,allo,415503,6625235,6
F471,10/20/2012,novb12,TDR6_novb12,R.pumilio.nord,F,TDR6_NS6_novb12,allo,415778,6625199,6
F471,10/21/2012,novb12,TDR6_novb12,R.pumilio.nord,F,TDR6_NS6_novb12,allo,415778,6625199,6
F471,10/24/2012,novb12,TDR6_novb12,R.pumilio.nord,F,TDR6_NS6_novb12,allo,415778,6625199,6
F471,10/26/2012,novb12,TDR6_novb12,R.pumilio.nord,F,TDR6_NS6_novb12,allo,415778,6625199,6
F471,10/27/2012,novb12,TDR6_novb12,R.pumilio.nord,F,TDR6_NS6_novb12,allo,415778,6625199,6
F471,10/25/2012,novb12,TDR6_novb12,R.pumilio.nord,F,TDR6_NS15_novb12,allo,415773,6625166,6
F470,10/20/2012,novb12,TDR6_novb12,R.pumilio.nord,F,TDR6_NS7_novb12,allo,415748,6625225,8
F470,10/22/2012,novb12,TDR6_novb12,R.pumilio.nord,F,TDR6_NS10_novb12,allo,415737,6625212,8
F470,10/21/2012,novb12,TDR6_novb12,R.pumilio.nord,F,TDR6_NS5_novb12,allo,415732,6625223,8
F470,10/23/2012,novb12,TDR6_novb12,R.pumilio.nord,F,TDR6_NS5_novb12,allo,415732,6625223,8
F470,10/25/2012,novb12,TDR6_novb12,R.pumilio.nord,F,TDR6_NS5_novb12,allo,415732,6625223,8
F470,10/24/2012,novb12,TDR6_novb12,R.pumilio.nord,F,TDR6_NS14_novb12,allo,415728,6625193,8
F470,10/26/2012,novb12,TDR6_novb12,R.pumilio.nord,F,TDR6_NS14_novb12,allo,415728,6625193,8
F470,10/27/2012,novb12,TDR6_novb12,R.pumilio.nord,F,TDR6_NS14_novb12,allo,415728,6625193,8
F462,10/21/2012,novb12,TDR6_novb12,R.pumilio.nord,F,TDR6_NS12_novb12,allo,415714,6625229,3
F462,10/23/2012,novb12,TDR6_novb12,R.pumilio.nord,F,TDR6_NS12_novb12,allo,415714,6625229,3
F462,10/20/2012,novb12,TDR6_novb12,R.pumilio.nord,F,TDR6_NS27_novb12,allo,415694,6625235,3
F461,10/21/2012,novb12,TDR6_novb12,R.pumilio.nord,F,TDR6_NS13_novb12,allo,415667,6625330,4
F461,10/23/2012,novb12,TDR6_novb12,R.pumilio.nord,F,TDR6_NS25_novb12,allo,415657,6625328,4
F461,10/22/2012,novb12,TDR6_novb12,R.pumilio.nord,F,TDR6_NS26_novb12,allo,415655,6625330,4
F461,10/20/2012,novb12,TDR6_novb12,R.pumilio.nord,F,TDR6_NS9_novb12,allo,415648,6625310,4
F46,11/9/2011,novb11,SAN_1_4_5_1G_8_novb11,R.pumilio.nord,F,BK_novb11,symp,372253,6937938,11
F46,11/10/2011,novb11,SAN_1_4_5_1G_8_novb11,R.pumilio.nord,F,Z_novb11,symp,372238,6937954,11
F46,11/11/2011,novb11,SAN_1_4_5_1G_8_novb11,R.pumilio.nord,F,Z_novb11,symp,372238,6937954,11
F46,11/18/2011,novb11,SAN_1_4_5_1G_8_novb11,R.pumilio.nord,F,Z_novb11,symp,372238,6937954,11
F44,11/7/2011,novb11,SAN_1_4_5_1G_8_novb11,R.d.dilectus,F,BM_novb11,symp,372326,6937735,2
F44,11/8/2011,novb11,SAN_1_4_5_1G_8_novb11,R.d.dilectus,F,BM_novb11,symp,372326,6937735,2
F421,10/11/2012,novb12,SO10_novb12,R.pumilio.nord,F,SO10_NS4_novb12,allo,406610,6808975,6
F421,10/12/2012,novb12,SO10_novb12,R.pumilio.nord,F,SO10_NS15_novb12,allo,406586,6808920,6
F421,10/13/2012,novb12,SO10_novb12,R.pumilio.nord,F,SO10_NS1_novb12,allo,406576,6808927,6
F421,10/14/2012,novb12,SO10_novb12,R.pumilio.nord,F,SO10_NS1_novb12,allo,406576,6808927,6
F421,10/15/2012,novb12,SO10_novb12,R.pumilio.nord,F,SO10_NS1_novb12,allo,406576,6808927,6
F421,10/16/2012,novb12,SO10_novb12,R.pumilio.nord,F,SO10_NS13_novb12,allo,406572,6809007,6
F414,10/10/2012,novb12,SO10_novb12,R.pumilio.nord,F,SO10_NS1_novb12,allo,406576,6808927,6
F414,10/13/2012,novb12,SO10_novb12,R.pumilio.nord,F,SO10_NS1_novb12,allo,406576,6808927,6
F409,10/11/2012,novb12,SO15_novb12,R.d.dilectus,F,SO15_NS5_novb12,symp,411927,6811731,5
F409,10/13/2012,novb12,SO15_novb12,R.d.dilectus,F,SO15_NS5_novb12,symp,411927,6811731,5
F409,10/14/2012,novb12,SO15_novb12,R.d.dilectus,F,SO15_NS5_novb12,symp,411927,6811731,5
F409,10/12/2012,novb12,SO15_novb12,R.d.dilectus,F,SO15_NS6_novb12,symp,411926,6811727,5
F409,10/15/2012,novb12,SO15_novb12,R.d.dilectus,F,SO15_NSBO_novb12,symp,411926,6811717,5
F404,10/9/2012,novb12,SO15_novb12,R.pumilio.nord,F,SO15_NS4_novb12,symp,412003,6811876,5
F404,10/10/2012,novb12,SO15_novb12,R.pumilio.nord,F,SO15_NS4_novb12,symp,412003,6811876,5
F404,10/12/2012,novb12,SO15_novb12,R.pumilio.nord,F,SO15_NS8_novb12,symp,412002,6811881,5
F404,10/13/2012,novb12,SO15_novb12,R.pumilio.nord,F,SO15_NS8_novb12,symp,412002,6811881,5
F404,10/11/2012,novb12,SO15_novb12,R.pumilio.nord,F,SO15_NS7_novb12,symp,412000,6811881,5
F396,10/8/2012,novb12,SO15_novb12,R.d.dilectus,F,SO15_NS2_novb12,symp,411939,6811750,6
F396,10/9/2012,novb12,SO15_novb12,R.d.dilectus,F,SO15_NS3_novb12,symp,411928,6811730,6
F396,10/10/2012,novb12,SO15_novb12,R.d.dilectus,F,SO15_NS3_novb12,symp,411928,6811730,6
F396,10/12/2012,novb12,SO15_novb12,R.d.dilectus,F,SO15_NS3_novb12,symp,411928,6811730,6
F396,10/13/2012,novb12,SO15_novb12,R.d.dilectus,F,SO15_NS5_novb12,symp,411927,6811731,6
F396,10/11/2012,novb12,SO15_novb12,R.d.dilectus,F,SO15_NS6_novb12,symp,411926,6811727,6
F395,10/9/2012,novb12,SO8_novb12,R.d.dilectus,F,SO8_NS10_novb12,allo,409800,6808134,6
F395,10/11/2012,novb12,SO8_novb12,R.d.dilectus,F,SO8_NS10_novb12,allo,409800,6808134,6
F395,10/8/2012,novb12,SO8_novb12,R.d.dilectus,F,SO8_NS9_novb12,allo,409795,6808135,6
F395,10/10/2012,novb12,SO8_novb12,R.d.dilectus,F,SO8_NS9_novb12,allo,409795,6808135,6
F395,10/12/2012,novb12,SO8_novb12,R.d.dilectus,F,SO8_NS9_novb12,allo,409795,6808135,6
F395,10/13/2012,novb12,SO8_novb12,R.d.dilectus,F,SO8_NS32_novb12,allo,409790,6808136,6
F393,10/12/2012,novb12,SO14_novb12,R.pumilio.nord,F,SO14_NS4_novb12,allo,407671,6810927,6
F393,10/7/2012,novb12,SO14_novb12,R.pumilio.nord,F,SO14_NS1_novb12,allo,407670,6810891,6
F393,10/8/2012,novb12,SO14_novb12,R.pumilio.nord,F,SO14_NS1_novb12,allo,407670,6810891,6
F393,10/11/2012,novb12,SO14_novb12,R.pumilio.nord,F,SO14_NS1_novb12,allo,407670,6810891,6
F393,10/9/2012,novb12,SO14_novb12,R.pumilio.nord,F,SO14_NS3_novb12,allo,407668,6810887,6
F393,10/10/2012,novb12,SO14_novb12,R.pumilio.nord,F,SO14_NS1_novb12,allo,407670,6810891,6
F392,10/9/2012,novb12,SO10_novb12,R.pumilio.nord,F,SO10_NS2_novb12,allo,406589,6808999,6
F392,10/11/2012,novb12,SO10_novb12,R.pumilio.nord,F,SO10_NS2_novb12,allo,406589,6808999,6
F392,10/12/2012,novb12,SO10_novb12,R.pumilio.nord,F,SO10_NS13_novb12,allo,406572,6809007,6
F392,10/7/2012,novb12,SO10_novb12,R.pumilio.nord,F,SO10_NS7_novb12,allo,406572,6809010,6
F392,10/8/2012,novb12,SO10_novb12,R.pumilio.nord,F,SO10_NS7_novb12,allo,406572,6809010,6
F392,10/10/2012,novb12,SO10_novb12,R.pumilio.nord,F,SO10_NS7_novb12,allo,406572,6809010,6
F387,10/7/2012,novb12,SO8_novb12,R.d.dilectus,F,SO8_NS5_novb12,allo,409766,6808154,6
F387,10/8/2012,novb12,SO8_novb12,R.d.dilectus,F,SO8_NS6_novb12,allo,409766,6808154,6
F387,10/12/2012,novb12,SO8_novb12,R.d.dilectus,F,SO8_NS27_novb12,allo,409762,6808172,6
F387,10/11/2012,novb12,SO8_novb12,R.d.dilectus,F,SO8_NS22_novb12,allo,409749,6808171,6
F380,10/15/2012,novb12,SO8_novb12,R.d.dilectus,F,SO8_NS34_novb12,allo,409813,6808135,7
F380,10/9/2012,novb12,SO8_novb12,R.d.dilectus,F,SO8_NS9_novb12,allo,409795,6808135,7
F380,10/10/2012,novb12,SO8_novb12,R.d.dilectus,F,SO8_NS16_novb12,allo,409792,6808143,7
F380,10/11/2012,novb12,SO8_novb12,R.d.dilectus,F,SO8_NS16_novb12,allo,409792,6808143,7
F380,10/12/2012,novb12,SO8_novb12,R.d.dilectus,F,SO8_NS16_novb12,allo,409792,6808143,7
F380,10/14/2012,novb12,SO8_novb12,R.d.dilectus,F,SO8_NS17_novb12,allo,409792,6808142,7
F380,10/13/2012,novb12,SO8_novb12,R.d.dilectus,F,SO8_NS31_novb12,allo,409788,6808145,7
F379,10/5/2012,novb12,SO10_novb12,R.pumilio.nord,F,SO10_NS2_novb12,allo,406589,6808999,6
F379,10/6/2012,novb12,SO10_novb12,R.pumilio.nord,F,SO10_NS2_novb12,allo,406589,6808999,6
F379,10/7/2012,novb12,SO10_novb12,R.pumilio.nord,F,SO10_NS2_novb12,allo,406589,6808999,6
F379,10/9/2012,novb12,SO10_novb12,R.pumilio.nord,F,SO10_NS2_novb12,allo,406589,6808999,6
F379,10/10/2012,novb12,SO10_novb12,R.pumilio.nord,F,SO10_NS2_novb12,allo,406589,6808999,6
F379,10/8/2012,novb12,SO10_novb12,R.pumilio.nord,F,SO10_NS7_novb12,allo,406572,6809010,6
F378,10/11/2012,novb12,SO8_novb12,R.d.dilectus,F,SO8_NS21_novb12,allo,409831,6808148,5
F378,10/13/2012,novb12,SO8_novb12,R.d.dilectus,F,SO8_NS28_novb12,allo,409822,6808148,5
F378,10/15/2012,novb12,SO8_novb12,R.d.dilectus,F,SO8_NS35_novb12,allo,409810,6808124,5
F376,10/9/2012,novb12,SO8_novb12,R.d.dilectus,F,SO8_NS12_novb12,allo,409830,6808119,6
F376,10/10/2012,novb12,SO8_novb12,R.d.dilectus,F,SO8_NS12_novb12,allo,409830,6808119,6
F376,10/6/2012,novb12,SO8_novb12,R.d.dilectus,F,SO8_NS3_novb12,allo,409827,6808117,6
F376,10/7/2012,novb12,SO8_novb12,R.d.dilectus,F,SO8_NS3_novb12,allo,409827,6808117,6
F376,10/8/2012,novb12,SO8_novb12,R.d.dilectus,F,SO8_NS7_novb12,allo,409827,6808117,6
F376,10/5/2012,novb12,SO8_novb12,R.d.dilectus,F,SO8_NS1_novb12,allo,409761,6808168,6
F375,10/10/2012,novb12,SO8_novb12,R.d.dilectus,F,SO8_NS18_novb12,allo,409792,6808107,5
F375,10/11/2012,novb12,SO8_novb12,R.d.dilectus,F,SO8_NS18_novb12,allo,409792,6808107,5
F375,10/8/2012,novb12,SO8_novb12,R.d.dilectus,F,SO8_NS8_novb12,allo,409790,6808102,5
F375,10/9/2012,novb12,SO8_novb12,R.d.dilectus,F,SO8_NS13_novb12,allo,409789,6808102,5
F375,10/12/2012,novb12,SO8_novb12,R.d.dilectus,F,SO8_NS13_novb12,allo,409789,6808102,5
F36,11/9/2011,novb11,SAN_1_4_5_1G_8_novb11,R.pumilio.nord,F,K_novb11,symp,372453,6937940,4
F294,10/7/2012,novb12,SO10_novb12,R.pumilio.nord,F,SO10_NS6_novb12,allo,406631,6808913,7
F294,10/8/2012,novb12,SO10_novb12,R.pumilio.nord,F,SO10_NS9_novb12,allo,406617,6808960,7
F294,10/6/2012,novb12,SO10_novb12,R.pumilio.nord,F,SO10_NS3_novb12,allo,406603,6808924,7
F294,10/5/2012,novb12,SO10_novb12,R.pumilio.nord,F,SO10_NS1_novb12,allo,406576,6808927,7
F294,10/9/2012,novb12,SO10_novb12,R.pumilio.nord,F,SO10_NS1_novb12,allo,406576,6808927,7
F294,10/10/2012,novb12,SO10_novb12,R.pumilio.nord,F,SO10_NS1_novb12,allo,406576,6808927,7
F294,10/11/2012,novb12,SO10_novb12,R.pumilio.nord,F,SO10_NS1_novb12,allo,406576,6808927,7
F29,11/8/2011,novb11,SAN_1_4_5_1G_8_novb11,R.d.dilectus,F,AB_novb11,symp,372291,6937936,7
F29,11/5/2011,novb11,SAN_1_4_5_1G_8_novb11,R.d.dilectus,F,AA_novb11,symp,372285,6937916,7
F29,11/7/2011,novb11,SAN_1_4_5_1G_8_novb11,R.d.dilectus,F,AA_novb11,symp,372285,6937916,7
F29,11/11/2011,novb11,SAN_1_4_5_1G_8_novb11,R.d.dilectus,F,AA_novb11,symp,372285,6937916,7
F28,11/9/2011,novb11,SAN_1_4_5_1G_8_novb11,R.pumilio.nord,F,BV_novb11,symp,372304,6937945,10
F28,11/7/2011,novb11,SAN_1_4_5_1G_8_novb11,R.pumilio.nord,F,BU_novb11,symp,372285,6937923,10
F28,11/8/2011,novb11,SAN_1_4_5_1G_8_novb11,R.pumilio.nord,F,BL_novb11,symp,372281,6937932,10
F257,10/10/2012,novb12,SO8_novb12,R.d.dilectus,F,SO8_NS14_novb12,allo,409762,6808160,6
F257,10/15/2012,novb12,SO8_novb12,R.d.dilectus,F,SO8_NS33_novb12,allo,409759,6808169,6
F257,10/11/2012,novb12,SO8_novb12,R.d.dilectus,F,SO8_NS22_novb12,allo,409749,6808171,6
F257,10/12/2012,novb12,SO8_novb12,R.d.dilectus,F,SO8_NS26_novb12,allo,409744,6808175,6
F242,10/9/2012,novb12,SO8_novb12,R.d.dilectus,F,SO8_NS11_novb12,allo,409821,6808128,6
F242,10/7/2012,novb12,SO8_novb12,R.d.dilectus,F,SO8_NS4_novb12,allo,409793,6808136,6
F242,10/8/2012,novb12,SO8_novb12,R.d.dilectus,F,SO8_NS4_novb12,allo,409793,6808136,6
F242,10/10/2012,novb12,SO8_novb12,R.d.dilectus,F,SO8_NS17_novb12,allo,409792,6808142,6
F242,10/11/2012,novb12,SO8_novb12,R.d.dilectus,F,SO8_NS17_novb12,allo,409792,6808142,6
F242,10/12/2012,novb12,SO8_novb12,R.d.dilectus,F,SO8_NS17_novb12,allo,409792,6808142,6
F24,11/5/2011,novb11,SAN_1_4_5_1G_8_novb11,R.pumilio.nord,F,BT_novb11,symp,372459,6937918,2
F24,11/6/2011,novb11,SAN_1_4_5_1G_8_novb11,R.pumilio.nord,F,Q_novb11,symp,372297,6937994,2
F235,10/8/2012,novb12,SO8_novb12,R.d.dilectus,F,SO8_NS1_novb12,allo,409761,6808168,5
F235,10/5/2012,novb12,SO8_novb12,R.d.dilectus,F,SO8_NS2_novb12,allo,409753,6808175,5
F235,10/6/2012,novb12,SO8_novb12,R.d.dilectus,F,SO8_NS2_novb12,allo,409753,6808175,5
F235,10/7/2012,novb12,SO8_novb12,R.d.dilectus,F,SO8_NS2_novb12,allo,409753,6808175,5
F235,10/9/2012,novb12,SO8_novb12,R.d.dilectus,F,SO8_NS2_novb12,allo,409753,6808175,5
F206,11/4/2012,novb12,SAN10_novb12,R.pumilio.nord,F,SA10_NS2_novb12,allo,370572,6939306,6
F206,10/31/2012,novb12,SAN10_novb12,R.pumilio.nord,F,SA10_NS1_novb12,allo,370567,6939306,6
F206,11/1/2012,novb12,SAN10_novb12,R.pumilio.nord,F,SA10_NS1_novb12,allo,370567,6939306,6
F206,11/2/2012,novb12,SAN10_novb12,R.pumilio.nord,F,SA10_NS1_novb12,allo,370567,6939306,6
F206,11/3/2012,novb12,SAN10_novb12,R.pumilio.nord,F,SA10_NS1_novb12,allo,370567,6939306,6
F206,11/5/2012,novb12,SAN10_novb12,R.pumilio.nord,F,SA10_NS1_novb12,allo,370567,6939306,6
F16,11/8/2011,novb11,SAN_1_4_5_1G_8_novb11,R.pumilio.nord,F,X_novb11,symp,372308,6937974,9
F16,11/9/2011,novb11,SAN_1_4_5_1G_8_novb11,R.pumilio.nord,F,X_novb11,symp,372308,6937974,9
F16,11/6/2011,novb11,SAN_1_4_5_1G_8_novb11,R.pumilio.nord,F,Q_novb11,symp,372297,6937994,9
F16,11/7/2011,novb11,SAN_1_4_5_1G_8_novb11,R.pumilio.nord,F,BS_novb11,symp,372293,6937984,9
F16,11/5/2011,novb11,SAN_1_4_5_1G_8_novb11,R.pumilio.nord,F,Y_novb11,symp,372291,6937960,9
F14,11/5/2011,novb11,SAN2_RHINO_novb11,R.d.dilectus,F,AD_novb11,symp,373225,6937152,9
F14,11/6/2011,novb11,SAN2_RHINO_novb11,R.d.dilectus,F,AD_novb11,symp,373225,6937152,9
F14,11/7/2011,novb11,SAN2_RHINO_novb11,R.d.dilectus,F,AD_novb11,symp,373225,6937152,9
F14,11/8/2011,novb11,SAN2_RHINO_novb11,R.d.dilectus,F,AD_novb11,symp,373225,6937152,9
F14,11/9/2011,novb11,SAN2_RHINO_novb11,R.d.dilectus,F,AD_novb11,symp,373225,6937152,9
F14,11/10/2011,novb11,SAN2_RHINO_novb11,R.d.dilectus,F,AD_novb11,symp,373225,6937152,9
F14,11/11/2011,novb11,SAN2_RHINO_novb11,R.d.dilectus,F,AD_novb11,symp,373225,6937152,9
F14,11/12/2011,novb11,SAN2_RHINO_novb11,R.d.dilectus,F,AD_novb11,symp,373225,6937152,9
F14,11/13/2011,novb11,SAN2_RHINO_novb11,R.d.dilectus,F,AD_novb11,symp,373225,6937152,9
F13,11/5/2011,novb11,SAN_1_4_5_1G_8_novb11,R.pumilio.nord,F,BR_novb11,symp,372449,6938034,6
F13,11/7/2011,novb11,SAN_1_4_5_1G_8_novb11,R.pumilio.nord,F,O_novb11,symp,372434,6938008,6
F13,11/8/2011,novb11,SAN_1_4_5_1G_8_novb11,R.pumilio.nord,F,O_novb11,symp,372434,6938008,6
F13,11/9/2011,novb11,SAN_1_4_5_1G_8_novb11,R.pumilio.nord,F,O_novb11,symp,372434,6938008,6
F11,11/4/2011,novb11,SAN_1_4_5_1G_8_novb11,R.pumilio.nord,F,BJ_novb11,symp,372346,6938054,11
F11,11/5/2011,novb11,SAN_1_4_5_1G_8_novb11,R.pumilio.nord,F,BJ_novb11,symp,372346,6938054,11
F11,11/6/2011,novb11,SAN_1_4_5_1G_8_novb11,R.pumilio.nord,F,BJ_novb11,symp,372346,6938054,11
F11,11/8/2011,novb11,SAN_1_4_5_1G_8_novb11,R.pumilio.nord,F,BJ_novb11,symp,372346,6938054,11
F11,11/10/2011,novb11,SAN_1_4_5_1G_8_novb11,R.pumilio.nord,F,B_novb11,symp,372333,6938012,11
F11,11/11/2011,novb11,SAN_1_4_5_1G_8_novb11,R.pumilio.nord,F,B_novb11,symp,372333,6938012,11
F11,11/12/2011,novb11,SAN_1_4_5_1G_8_novb11,R.pumilio.nord,F,B_novb11,symp,372333,6938012,11
F11,11/13/2011,novb11,SAN_1_4_5_1G_8_novb11,R.pumilio.nord,F,B_novb11,symp,372333,6938012,11
F11,11/14/2011,novb11,SAN_1_4_5_1G_8_novb11,R.pumilio.nord,F,B_novb11,symp,372333,6938012,11
F11,11/9/2011,novb11,SAN_1_4_5_1G_8_novb11,R.pumilio.nord,F,BI_novb11,symp,372333,6938054,11
F11,11/7/2011,novb11,SAN_1_4_5_1G_8_novb11,R.pumilio.nord,F,BQ_novb11,symp,372321,6938028,11
F10,11/4/2011,novb11,SAN_1_4_5_1G_8_novb11,R.pumilio.nord,F,A_novb11,symp,372352,6937995,10
F10,11/5/2011,novb11,SAN_1_4_5_1G_8_novb11,R.pumilio.nord,F,A_novb11,symp,372352,6937995,10
F10,11/7/2011,novb11,SAN_1_4_5_1G_8_novb11,R.pumilio.nord,F,A_novb11,symp,372352,6937995,10
F10,11/8/2011,novb11,SAN_1_4_5_1G_8_novb11,R.pumilio.nord,F,A_novb11,symp,372352,6937995,10
F10,11/9/2011,novb11,SAN_1_4_5_1G_8_novb11,R.pumilio.nord,F,A_novb11,symp,372352,6937995,10
F10,11/11/2011,novb11,SAN_1_4_5_1G_8_novb11,R.pumilio.nord,F,BG_novb11,symp,372342,6938017,10
F10,11/10/2011,novb11,SAN_1_4_5_1G_8_novb11,R.pumilio.nord,F,B_novb11,symp,372333,6938012,10
F10,11/6/2011,novb11,SAN_1_4_5_1G_8_novb11,R.pumilio.nord,F,C_novb11,symp,372314,6938021,10
F10,11/12/2011,novb11,SAN_1_4_5_1G_8_novb11,R.pumilio.nord,F,D_novb11,symp,372310,6938023,10
F10,11/13/2011,novb11,SAN_1_4_5_1G_8_novb11,R.pumilio.nord,F,D_novb11,symp,372310,6938023,10
